X,Y,rank
-34.91165,29.59958,1
-63.65692,16.410173,2
-62.669167,16.095873,3
-62.668095,16.095135,4
-32.31057,31.257702,5
-57.653362,-1.7512403,6
-66.255806,12.919889,7
-62.669556,16.094725,8
-57.85157,-0.47437236,9
-66.255646,12.919264,10
-66.25563,12.919249,11
-57.653362,-1.7512403,12
-22.351925,44.767265,13
-64.9779,15.912482,14
-64.97719,15.911839,15
-62.668324,15.761956,16
-57.616642,-0.50353146,17
-22.503183,44.93565,18
-22.824501,44.63149,19
-22.403576,44.582596,20
-22.835028,44.76466,21
-44.90648,0.65174484,22
-22.503183,44.93565,23
-22.486814,44.500923,24
-75.238304,1.3147162,25
-45.073273,41.32957,26
-45.073357,41.329563,27
-66.336136,15.176771,28
-66.28119,11.648645,29
-62.81008,15.739294,30
-70.53612,10.828805,31
-70.09974,14.124476,32
-70.09913,14.126028,33
-61.872345,9.380034,34
-69.586395,18.57004,35
-69.58656,18.569887,36
-69.58702,18.569881,37
-32.26043,31.292372,38
-20.815365,46.50866,39
-67.85997,9.931616,40
-67.86001,9.931652,41
-20.937199,46.875458,42
-32.054214,30.707914,43
-20.639334,47.05697,44
-12.40138,45.782394,45
-66.943596,19.513168,46
-69.87019,11.88248,47
-71.9627,14.439128,48
-71.49089,11.503899,49
-71.96281,14.439171,50
-70.21675,10.288809,51
-58.1104,-28.462202,52
-20.36015,46.609028,53
-59.531124,55.403435,54
-32.261322,31.292585,55
-58.845016,-29.261488,56
-53.366596,51.692635,57
-31.570492,45.941998,58
-61.154495,-31.69824,59
-54.97848,-1.9710971,60
-54.97804,-1.972092,61
-32.261616,31.29193,62
-71.66453,13.955736,63
-14.872562,-19.773834,64
-14.872562,-19.773834,65
-39.686386,35.78831,66
-67.153336,10.638625,67
-66.98333,17.064264,68
-66.983864,17.064474,69
-58.385464,-30.051176,70
-14.425061,-18.11293,71
-54.979477,-1.9695013,72
-58.843903,-29.261631,73
-32.31025,31.257883,74
-22.70138,39.799755,75
-41.36889,48.6356,76
-40.524635,46.802322,77
-2.0084186,-42.084538,78
-42.678265,39.262074,79
-42.677013,39.262257,80
-42.676933,39.260933,81
-15.434548,-17.150116,82
-30.396954,46.254246,83
-53.366726,51.692577,84
-58.01297,-0.18003027,85
-20.36288,46.604126,86
-45.876926,37.697994,87
-45.878464,37.698868,88
-20.896612,46.950943,89
-53.499397,-4.306962,90
-54.975704,-1.9730684,91
-1.8779846,-42.329216,92
-57.878246,0.74300534,93
-42.21587,42.815674,94
-62.725864,-30.737032,95
-44.950638,40.020855,96
-12.410325,44.897846,97
-66.281105,11.648518,98
-66.280495,11.648405,99
-62.80947,15.736745,100
-63.145466,0.5984447,101
-67.86004,9.931683,102
-24.507687,40.90765,103
-8.118703,-18.434084,104
9.846551,57.52107,105
-56.57851,0.64954805,106
-65.55461,-4.9873967,107
-55.23345,34.23212,108
-68.8112,14.507412,109
-28.274292,28.1749,110
-58.01293,-0.17994192,111
-42.466423,41.621693,112
-61.722202,8.060741,113
-1.8941051,-54.956158,114
1.1053485,-44.88989,115
1.2135653,-44.994305,116
-58.1104,-28.462202,117
-68.8285,19.747272,118
-30.397575,46.25444,119
-20.402483,46.91296,120
-66.82898,-5.0014687,121
-56.169037,-28.071022,122
-66.73313,16.334833,123
-66.984,17.064318,124
-28.88232,32.61795,125
-76.652054,0.62347007,126
-26.927046,34.16014,127
-6.889157,46.063847,128
-61.804863,16.079214,129
-61.153748,-33.37894,130
-27.322952,35.907814,131
-57.53362,30.2533,132
-54.151127,31.460876,133
-54.151127,31.460878,134
-54.151127,31.460876,135
-1.7389886,-8.78576,136
-54.815697,58.862793,137
-54.815624,58.86343,138
-54.815624,58.86343,139
-40.57983,46.351227,140
-19.380032,62.297077,141
-56.28864,-4.251792,142
-64.97643,15.911189,143
-55.193325,-1.0566679,144
-69.042786,14.526569,145
35.57827,18.934792,146
-7.3478866,-52.40305,147
-66.812965,18.36959,148
-66.812965,18.36959,149
-59.66999,-27.185347,150
-30.504938,46.08377,151
-41.48418,40.769077,152
-77.61002,1.0163685,153
-66.82874,-5.0026393,154
-65.79049,-30.125463,155
-53.421436,32.62846,156
-53.421425,32.628212,157
-53.421303,32.6268,158
0.34222722,-43.020878,159
-58.151527,-27.65271,160
-58.213654,-27.70755,161
-57.403576,-0.17249301,162
-19.918335,60.1195,163
-16.069252,-18.00027,164
-54.815624,58.863434,165
-23.185156,45.57997,166
-55.673553,29.866539,167
-40.983795,-1.1436361,168
-40.935272,-1.2704844,169
-40.983795,-1.1436361,170
-40.965645,-0.95093507,171
-66.94357,19.513172,172
-60.08644,-27.228142,173
-1.8779918,-42.329243,174
-60.722866,-24.86742,175
-6.9596057,-20.946241,176
-53.366714,51.692562,177
-31.570517,45.941006,178
-19.918205,60.11957,179
5.2965407,62.65134,180
-14.380515,48.91174,181
-66.068016,-5.378917,182
-30.366848,46.055332,183
-40.362568,43.0003,184
3.6274815,59.171406,185
-66.07887,12.77811,186
-77.02509,4.7321577,187
-39.968586,1.0719203,188
-57.217987,56.031208,189
-57.878246,0.74300534,190
-77.60943,1.0168455,191
-66.97143,9.536242,192
-59.53171,55.403606,193
-72.03751,16.9596,194
-1.4480752,-10.329691,195
-66.65088,-5.486764,196
-57.40136,-0.17209807,197
-29.63403,49.485466,198
-35.56327,56.227993,199
-55.01265,53.08199,200
-61.732944,8.514595,201
-61.733093,8.514653,202
-71.57467,10.746429,203
-56.812283,1.1268057,204
-31.716549,41.674633,205
26.186426,10.296249,206
0.24087806,-40.63354,207
-66.81289,18.369574,208
-69.01778,18.177263,209
-78.0484,1.4923788,210
24.502138,47.685497,211
36.226635,13.650935,212
26.250336,10.475065,213
25.650064,-41.750137,214
-57.533745,30.253553,215
-5.463595,46.460335,216
-17.695293,67.0136,217
-78.25937,0.24204779,218
-23.543484,40.444168,219
-40.86793,47.610435,220
-59.54254,-27.560188,221
37.139137,-23.911541,222
-9.301373,45.429024,223
-59.53171,55.403606,224
-2.114951,-42.23454,225
-60.72669,-5.2128925,226
-71.32359,13.678826,227
48.461952,-1.0907396,228
31.63484,-39.027554,229
34.706135,-37.812813,230
7.001978,59.29751,231
-81.10632,3.3559883,232
25.621641,17.531622,233
28.006306,-28.603685,234
-6.7609525,-14.315561,235
-63.627995,-32.939285,236
-63.488544,-29.94656,237
-58.456593,54.074203,238
-58.456593,54.074203,239
-41.36889,48.63557,240
-41.368885,48.635548,241
-40.815224,39.51384,242
-57.403656,-0.17035794,243
-40.94141,-0.7815361,244
7.001978,59.29751,245
-2.114951,-42.23454,246
4.276208,-47.53747,247
-58.456593,54.074203,248
-58.456593,54.074203,249
-5.6506586,-52.076916,250
-7.382039,-21.700104,251
-5.8776703,-21.50575,252
-58.93174,0.8008207,253
-4.3635855,-14.002412,254
-19.166142,-15.982407,255
-77.30806,2.1147006,256
-35.37746,56.71055,257
-55.233456,34.231613,258
-60.45925,-4.4701014,259
-35.472572,25.696411,260
-1.8779918,-42.329243,261
49.157948,28.457333,262
-65.86673,-4.4695954,263
57.68454,-3.6649907,264
31.105865,15.011354,265
-19.918205,60.119556,266
-30.171938,49.689793,267
-30.172016,49.68979,268
26.57706,26.061296,269
-59.259995,15.082611,270
-59.259995,15.082611,271
-59.259384,15.082485,272
-70.09976,14.124431,273
1.1155287,-57.24544,274
7.001978,59.29751,275
-16.723644,67.39219,276
-33.435604,30.07104,277
38.15348,21.172804,278
41.202076,-23.228544,279
5.4720674,56.390358,280
15.366328,-21.97105,281
-4.23089,-52.242912,282
11.477685,-56.02838,283
40.73423,-56.279194,284
-35.563274,56.227997,285
-17.805613,71.34018,286
-19.97834,69.173134,287
-15.42964,70.871864,288
-17.023005,66.52562,289
-19.500483,44.263634,290
-22.473038,46.430187,291
-43.646667,-5.7160106,292
-26.922419,34.15769,293
-2.114951,-42.23454,294
18.815525,-16.65678,295
-14.989349,70.20811,296
-18.509474,67.45725,297
33.410614,-52.831795,298
-30.694763,45.705994,299
-60.334606,-29.214272,300
-39.928505,1.0629108,301
-35.70086,29.477116,302
-20.916927,40.516956,303
-34.401997,24.944786,304
-57.96562,32.3004,305
-19.432564,66.78712,306
-3.844943,52.312695,307
2.3554776,2.4635608,308
2.3861933,1.9646229,309
-42.209476,38.655807,310
5.3140087,5.4223094,311
-16.23647,71.22474,312
-0.2320819,-40.501675,313
-0.2321244,-40.501865,314
-58.797256,-4.4253488,315
33.572063,-39.50376,316
-65.86638,-4.469824,317
-42.353447,40.531845,318
-42.4174,38.477264,319
-42.41492,38.476936,320
-42.4174,38.477264,321
-55.233356,34.231937,322
-65.716064,11.173275,323
-68.383,20.28098,324
-68.383125,20.280981,325
-63.962925,8.4208765,326
-63.96294,8.420909,327
-30.626324,47.21224,328
-0.30618212,69.2446,329
-19.59485,-17.508978,330
7.080251,-52.575047,331
6.825784,-52.144245,332
5.7920637,-60.364624,333
-76.96739,1.8763571,334
-59.261215,-24.992355,335
19.957918,-12.47076,336
-60.212624,19.95937,337
-59.258415,20.876219,338
-59.62926,56.282967,339
-59.62926,56.282967,340
-32.095715,42.44246,341
-44.08436,-9.410493,342
26.57712,26.060658,343
-60.994602,-2.4049284,344
25.84078,23.247068,345
25.840727,23.2469,346
-6.0428557,-49.50918,347
1.1746855,-53.314743,348
-60.504856,-26.939209,349
-62.071358,-32.273525,350
27.456274,16.544277,351
28.437069,14.585597,352
6.262177,-60.923603,353
6.261919,-60.9238,354
57.262592,-39.903793,355
-62.874237,0.018545842,356
-39.442516,35.30719,357
8.953929,24.673838,358
-42.978924,38.645966,359
-60.23471,9.22553,360
16.678648,-3.3550599,361
-8.747437,-50.714775,362
-70.30226,17.38616,363
-72.1509,10.959808,364
-72.15093,10.959832,365
-72.15123,10.958813,366
-73.440926,9.778758,367
-5.8198447,-12.87643,368
-60.681885,-24.726526,369
-44.580242,-11.373884,370
41.694225,-21.891624,371
-57.276287,32.071777,372
-57.276287,32.071777,373
-75.95927,-1.0643663,374
-3.844943,52.312695,375
-53.69331,-1.5756887,376
25.933918,6.43135,377
-60.561947,-27.517685,378
3.922431,-4.0817847,379
-62.46167,-26.64845,380
12.142928,-56.10337,381
-66.517494,10.144498,382
-42.35344,40.531704,383
-61.288746,9.498898,384
-61.2817,9.492508,385
-61.288216,9.498521,386
-61.27828,9.489591,387
-57.189972,54.75895,388
-56.342804,-4.2729864,389
-31.984745,-49.0904,390
29.356342,-40.55637,391
37.923214,-22.786556,392
37.923233,-22.786648,393
-57.265675,51.126976,394
-5.0410285,-40.787758,395
-16.631777,-20.890795,396
-15.973874,-20.246485,397
-16.631777,-20.890795,398
-16.631777,-20.890795,399
2.7356896,2.3999805,400
18.31587,0.43515104,401
18.3168,0.43453285,402
-60.071613,20.145168,403
16.087502,-16.013853,404
49.132416,-2.9794238,405
-27.174227,35.77033,406
5.7536554,5.657767,407
26.201473,10.285294,408
-3.844943,52.312695,409
7.743545,60.598743,410
-55.636284,55.619175,411
-55.636284,55.619175,412
-28.997541,59.099903,413
-35.25314,57.248417,414
-20.461197,45.89277,415
-36.243885,-50.752205,416
-7.1356726,-14.523171,417
16.424276,-15.406223,418
49.300648,-3.206196,419
38.812355,-31.778639,420
-69.33087,15.879914,421
10.2427635,65.47389,422
-78.07798,3.7729182,423
12.018524,11.107349,424
7.3052855,-55.758842,425
-16.613443,69.769646,426
-19.906145,-17.745848,427
-12.733739,14.857985,428
7.408194,6.70372,429
7.408109,6.7036,430
16.47499,-28.524954,431
10.157964,65.506065,432
18.29021,-12.940159,433
-43.925343,45.786633,434
-3.0488045,-59.196053,435
13.7543125,30.466124,436
-20.753942,-18.465223,437
6.4504957,58.38033,438
-59.2267,51.062958,439
-80.29054,2.9811227,440
24.956795,21.142076,441
-6.2331557,-18.147652,442
-5.8841214,-17.984842,443
-19.37353,40.981743,444
30.924381,17.685768,445
28.34817,17.462587,446
-78.053345,-0.27014548,447
-55.27726,5.689688,448
-3.7883406,-4.568783,449
29.165428,-45.74362,450
-15.363007,-15.980837,451
-64.869125,-31.068632,452
-41.466007,48.577362,453
-54.796093,-0.76473796,454
-66.42453,15.249886,455
15.441871,11.147767,456
15.441871,11.147767,457
-57.276287,32.071777,458
-40.85319,49.256588,459
-40.853165,49.25666,460
2.8663895,56.48104,461
-57.85155,55.306736,462
-56.929276,59.82256,463
-27.390379,33.067856,464
-78.669365,0.9787573,465
8.3037615,-60.507862,466
37.93525,-5.3243785,467
60.81652,-35.8012,468
-76.06368,-0.96378237,469
-39.88928,1.03702,470
-66.94319,19.51324,471
41.416573,-49.077503,472
-18.983932,-16.724709,473
-15.620174,-19.128618,474
-58.042297,-4.571142,475
40.05131,-44.77189,476
26.346302,6.068369,477
8.669471,30.120783,478
8.669504,30.120838,479
33.73046,-36.555443,480
-59.95414,-34.005047,481
-29.113472,59.117092,482
-28.701023,59.134506,483
38.549614,-57.290134,484
-18.593775,-17.200823,485
18.316795,0.43453276,486
46.649128,-12.3933735,487
46.649162,-12.393349,488
-39.837105,32.637993,489
-5.68531,51.19246,490
-57.924442,-30.117027,491
3.6414273,59.55465,492
-59.942627,-29.759386,493
-2.6317449,55.47764,494
-55.636284,55.619175,495
-44.720932,15.4374895,496
-21.729424,57.27868,497
-12.14252,44.973503,498
24.996056,7.3809214,499
-45.878464,37.701405,500
-57.878246,0.74300534,501
-61.394417,15.21282,502
-42.036526,-2.4673975,503
-4.257698,-53.347733,504
-16.613306,-4.091617,505
-59.233738,15.077535,506
-15.23127,11.814214,507
-14.99595,-4.1663113,508
-53.489765,-4.3073654,509
16.681395,-0.6692666,510
-18.020344,3.3912764,511
24.814,7.1104937,512
-57.301712,32.676308,513
-57.301712,32.676308,514
-77.132645,4.4936337,515
28.497631,17.461102,516
30.854889,17.738218,517
-57.470894,58.50904,518
-57.47089,58.509045,519
-57.470905,58.50905,520
-65.09389,14.794683,521
-36.057686,8.380655,522
-29.189371,33.611126,523
-11.660876,43.790894,524
25.47549,17.655388,525
-68.23099,9.642397,526
-35.25314,57.248417,527
-66.068016,-5.378917,528
12.81542,25.822771,529
-81.10632,3.3559883,530
15.107165,11.47515,531
-65.54824,-5.024705,532
16.404205,-0.6770632,533
-78.07798,3.7729182,534
13.223816,9.035586,535
47.545406,-1.8986671,536
35.393806,18.838196,537
15.974689,1.862774,538
-7.264395,-53.134056,539
-54.361454,-1.504538,540
0.6673486,-33.19137,541
-37.325893,35.366512,542
-58.72694,-3.0783482,543
-47.094997,39.435833,544
59.50606,-4.8124065,545
-37.3259,35.366043,546
-78.0484,1.4923788,547
-40.141846,48.867577,548
-8.118619,-18.43407,549
-64.73798,-30.640232,550
-65.54228,12.843881,551
-61.022793,-31.857,552
-24.780643,-38.013115,553
-43.903885,-8.846764,554
-43.903885,-8.846764,555
-43.903885,-8.846764,556
27.453436,16.652676,557
47.66113,-3.5440361,558
16.296993,-22.219902,559
-69.883575,11.146643,560
15.811916,1.742422,561
15.811915,1.7424219,562
15.811916,1.7424216,563
-16.461996,-19.65935,564
11.309311,-54.975807,565
26.984915,47.072754,566
22.542286,12.94151,567
19.866226,-12.907802,568
61.82307,-20.551554,569
14.557636,10.017203,570
-75.06734,1.3179237,571
-65.865135,-4.472141,572
34.701263,-24.043663,573
12.058929,-55.98306,574
-9.697882,-49.83044,575
-16.77596,57.509087,576
15.747536,31.828377,577
6.2616878,-60.922813,578
37.669262,-5.696505,579
-47.172066,39.863823,580
-47.171406,39.864132,581
-47.17179,39.86393,582
5.7526207,-40.56349,583
-13.853189,-15.773858,584
-58.153484,-32.924076,585
-29.089043,-37.94978,586
-72.283195,9.674144,587
3.2483163,4.498481,588
15.343453,-23.370394,589
15.343548,-23.37047,590
15.343548,-23.37047,591
26.271475,6.1138844,592
19.874027,-12.571359,593
-4.7005744,-53.003376,594
16.273407,-0.98320854,595
-0.4556039,69.68784,596
-23.519293,-47.66443,597
-52.795383,32.471214,598
32.131878,15.943001,599
32.13233,15.943187,600
32.13211,15.943141,601
-44.580242,-11.373884,602
21.681507,-34.268143,603
-6.461368,46.720028,604
38.410503,21.204659,605
38.417423,21.202112,606
20.800983,-19.853203,607
49.9037,-2.0489237,608
16.82441,-1.088335,609
-16.35289,-16.66592,610
-3.3718805,-53.10903,611
54.89376,-20.583878,612
-54.815624,58.863434,613
-20.820866,46.515083,614
46.84861,-20.851095,615
45.996292,-21.32837,616
-16.290754,-21.263245,617
38.16414,21.125998,618
50.201015,-1.5612329,619
38.11497,21.201735,620
46.339928,-30.097721,621
38.862026,-18.929764,622
2.486273,-41.47741,623
58.127075,-4.9413586,624
19.11813,34.320526,625
17.988205,34.60458,626
-60.577454,-31.180191,627
-38.108555,43.964836,628
-80.29049,2.9810548,629
-32.2377,58.85389,630
-32.23842,58.853706,631
-25.08817,-37.99052,632
59.79481,-11.686922,633
32.7355,17.17676,634
24.899622,-45.408413,635
0.05952942,14.676281,636
-2.6293435,13.112006,637
-1.8287144,-9.154711,638
-3.731543,-9.653542,639
-3.9639397,-6.155075,640
39.049213,-39.537174,641
-2.821541,-52.92195,642
5.3073683,-47.315025,643
1.0979794,-56.72033,644
1.6208631,-54.74586,645
16.191116,-24.730745,646
54.274235,-12.351118,647
-61.868008,-4.2067256,648
13.94169,29.694038,649
13.941535,29.693867,650
-6.024125,-48.29998,651
-39.098553,41.384598,652
39.57883,-18.584305,653
39.030308,-19.178146,654
-39.6682,-53.16825,655
-9.300412,44.83874,656
48.805077,-3.1157062,657
-24.961767,-46.864548,658
-37.08,56.543987,659
-61.20641,-33.406662,660
-33.767868,-50.919853,661
-61.045383,-27.22239,662
16.453146,-15.301021,663
-4.238372,-36.838528,664
38.373333,21.207687,665
-1.257496,-9.376439,666
16.841166,-0.8487913,667
14.033638,-36.626278,668
-2.4244413,-55.015125,669
-15.109743,-20.410889,670
-15.109822,-20.410877,671
-16.686268,-7.5734706,672
-15.432397,-17.658575,673
48.236893,-1.8349952,674
26.936169,-45.238216,675
-14.747974,-33.828487,676
-25.584223,-43.597847,677
1.3358209,47.263428,678
0.82294285,-33.999527,679
-60.674282,-24.725908,680
-3.8864653,0.17052032,681
38.383358,21.201815,682
-43.924564,45.774532,683
-65.21864,-4.3121095,684
2.8731642,56.48413,685
7.009216,27.432234,686
-63.179752,0.41520622,687
-19.1066,-15.8568535,688
-13.600535,-17.311588,689
-64.569145,-31.48916,690
9.107157,60.50694,691
-20.252195,-47.53535,692
17.022629,-36.31747,693
-54.101585,34.52431,694
-54.1017,34.52433,695
-16.62285,-3.9281678,696
15.685104,-21.15683,697
25.642311,17.49277,698
34.93008,-17.83084,699
5.3106527,62.7858,700
43.806213,-19.92815,701
10.260994,58.063747,702
-42.619114,48.925102,703
-14.384516,17.500853,704
-9.769718,-49.781677,705
11.029518,-22.933846,706
-2.6218727,55.44651,707
-36.168346,6.613485,708
-36.16797,6.613126,709
-57.757584,52.693565,710
-57.757584,52.693565,711
-57.757584,52.693565,712
-68.32809,14.678623,713
12.289774,61.310272,714
-31.714123,41.67293,715
-59.03665,52.839874,716
-59.037193,52.839825,717
-59.037193,52.839825,718
13.903577,25.446669,719
13.903684,25.44715,720
48.137688,1.0648067,721
52.265396,0.101359904,722
52.690315,-35.131634,723
-23.541286,40.442482,724
1.9656591,5.6661325,725
-10.619345,43.356815,726
-30.416704,46.302456,727
-57.218243,56.03125,728
10.157964,65.506065,729
5.286035,-51.511753,730
-80.29054,2.9811227,731
-28.461475,28.218985,732
-0.98416144,-8.278632,733
35.037273,-53.01072,734
38.58505,-50.9212,735
-8.765263,-14.90604,736
-20.002745,36.60731,737
-25.954035,37.482788,738
18.643667,46.548306,739
7.1994157,-6.48234,740
-55.567947,47.889767,741
-59.22672,51.06324,742
7.5255384,-55.93841,743
-61.52738,-29.342644,744
-19.601585,41.278,745
39.1989,-46.938885,746
16.3993,23.098146,747
-15.244069,15.192629,748
-26.748013,35.740536,749
-26.747927,35.74072,750
-26.747927,35.74072,751
-32.899704,39.85273,752
-42.209476,38.655807,753
-42.1355,34.385696,754
-42.1355,34.385406,755
5.63989,1.7071898,756
5.383987,1.4013207,757
-24.304686,-47.840767,758
20.538939,-37.223408,759
48.35836,-25.515717,760
24.064617,-44.85649,761
25.477642,-39.443832,762
-12.986109,-0.19454248,763
-12.9861,-0.19459642,764
-12.9861,-0.19459642,765
1.5844667,-40.92737,766
-5.463595,46.460335,767
8.585558,62.142334,768
-13.232645,46.65471,769
45.933834,-14.23735,770
-5.8719997,-40.818104,771
-59.49164,-32.112988,772
-47.185608,42.60302,773
-47.185516,42.602825,774
-27.811373,-32.95982,775
-28.922878,-38.176907,776
-3.6056094,13.49142,777
-60.861958,-1.6675178,778
-23.54334,40.444187,779
-62.63235,-31.17772,780
-40.525322,46.80194,781
-39.306393,35.26819,782
2.526717,4.828654,783
-42.027985,-3.4103746,784
17.127821,-24.902351,785
6.2591753,28.067318,786
-1.3983094,-3.311052,787
41.29847,27.065783,788
38.24493,24.653086,789
-2.5441093,-2.7021816,790
-4.1638775,-0.9532362,791
6.2591753,28.067318,792
-4.249757,-1.0672348,793
1.6017454,9.115093,794
36.811657,35.03809,795
17.642317,6.4689574,796
-56.94552,-1.6615326,797
46.96626,-0.75639373,798
17.53896,-19.472921,799
33.674213,-34.23473,800
1.2084249,-53.82121,801
37.16662,-48.274643,802
-34.534298,-47.196877,803
-23.163364,-46.070976,804
-22.433168,-45.773006,805
-26.868391,-42.587654,806
-18.083364,-45.11069,807
-23.85278,-45.54843,808
-37.85259,0.9926072,809
-14.237,-33.710514,810
21.863728,40.998795,811
10.13074,26.479063,812
10.130821,26.479023,813
10.130603,26.479227,814
55.514687,-11.544801,815
55.514557,-11.545163,816
55.514633,-11.5450115,817
-59.430363,-32.144974,818
-70.53622,10.828943,819
-46.572628,-18.452166,820
-57.301712,32.676308,821
23.655952,14.465764,822
22.581228,-18.297136,823
56.54666,-38.236366,824
0.0040526893,-47.020115,825
8.524156,60.84706,826
-9.9709835,43.076073,827
3.8517294,-3.8377016,828
37.697666,36.87416,829
-18.024164,-18.935955,830
-5.3232517,-1.0809288,831
-5.3673205,-1.0597844,832
-34.84524,-51.006325,833
50.3525,-1.3163495,834
-7.593392,-55.33808,835
51.433212,-2.1313484,836
35.31228,-10.290706,837
-9.719857,-52.603985,838
-9.719858,-52.603065,839
5.7516804,-40.561333,840
2.4837296,-43.12277,841
11.946857,-21.830933,842
1.4648677,-54.07003,843
58.508312,-4.7113233,844
53.781025,-9.569158,845
12.632484,25.366623,846
-58.945053,-4.734521,847
-7.3269486,-40.463764,848
-41.354324,1.0215902,849
-20.646147,-15.611483,850
-28.5918,-36.76928,851
-19.222128,-45.07372,852
-22.251593,-44.157986,853
-21.439798,-44.907562,854
-21.428484,-44.95686,855
-18.83534,-45.225178,856
-62.09636,-2.8592587,857
-40.546642,-55.063915,858
16.719452,22.99163,859
-12.594172,44.261555,860
-66.40472,11.039416,861
61.210873,-10.43216,862
-25.95398,37.48275,863
-69.83634,15.921414,864
-65.65857,14.660507,865
-65.65828,14.660613,866
-65.65786,14.660614,867
16.034725,-27.839296,868
26.577108,26.060709,869
7.1995163,-6.4823203,870
-4.4740524,-11.167963,871
42.82814,35.86333,872
47.713074,27.908499,873
1.1686728,14.598569,874
-5.069007,15.807612,875
27.939274,-28.676506,876
11.159681,-55.6074,877
6.579357,-46.829514,878
10.945988,-55.536934,879
-2.6879213,-52.835297,880
9.862603,-22.503233,881
-6.202296,-54.972893,882
5.6966243,-51.885235,883
-29.2094,-52.94007,884
-29.210052,-52.93993,885
42.96056,21.561087,886
5.6154532,25.623644,887
48.264175,-25.450344,888
33.474762,-38.01315,889
-59.94956,-33.9202,890
-42.313065,40.458096,891
-63.916885,-31.4453,892
56.238117,-36.099506,893
49.75006,-11.132482,894
42.599766,-20.45384,895
-44.950638,40.020855,896
-44.9509,40.022808,897
-44.950436,40.02248,898
-44.9509,40.022808,899
-21.715023,40.16216,900
-29.268665,-52.77528,901
45.56875,-14.87538,902
39.459656,-18.991064,903
-34.710014,-50.055668,904
-44.72561,15.501516,905
32.11972,-51.69966,906
15.366471,-36.345253,907
-16.634647,-7.0131555,908
-1.0755485,-8.770216,909
-4.4937315,-5.6687646,910
52.349033,-0.056666814,911
52.34893,-0.056741502,912
-3.4937665,-10.02272,913
1.1507955,-56.79023,914
-2.1757784,-55.134937,915
-5.403013,-41.844402,916
-19.989634,36.691017,917
-23.543007,40.44503,918
-58.638256,29.226788,919
9.678428,6.509923,920
11.859522,22.093966,921
7.029691,27.415123,922
16.809862,34.681637,923
-3.3707588,-50.81484,924
60.02019,-38.015633,925
-55.24243,6.2403913,926
31.772926,-40.1417,927
46.21711,-30.585272,928
-22.035082,-40.126762,929
-9.299108,44.83863,930
2.4684908,-2.6446185,931
-40.297882,-1.0881774,932
-56.812263,1.1268036,933
0.10531723,-1.6595116,934
-24.211082,-33.292828,935
-23.895882,-33.129467,936
4.9506927,-4.9525948,937
32.88443,-39.173546,938
41.210033,-54.540703,939
22.423704,13.608201,940
22.423534,13.608214,941
17.583836,12.482487,942
-5.326566,-14.586906,943
-79.90391,4.004186,944
48.425682,23.645128,945
-1.7131301,1.0526012,946
0.9106735,-34.60231,947
-82.507324,3.6445081,948
-15.220333,15.194055,949
27.210043,-36.23628,950
-44.90662,0.651881,951
-18.549238,-20.68577,952
-18.549238,-20.68577,953
-18.549238,-20.68577,954
14.409919,34.670097,955
2.759028,-40.74887,956
-23.864023,-46.00973,957
-26.974186,-33.74175,958
-26.810762,-33.571808,959
-40.344498,1.9766771,960
0.6227073,15.346522,961
-2.5795248,14.19647,962
-2.954896,15.462686,963
-3.0605698,15.486131,964
0.59807765,15.253571,965
10.260994,58.063747,966
3.6233125,60.023167,967
-40.488945,-3.0546339,968
-60.036522,-0.648693,969
-25.513788,54.411133,970
-15.83055,-17.899458,971
8.7713375,-51.960938,972
-77.60943,1.0168455,973
-58.456593,54.074203,974
-62.38972,-32.46755,975
27.708538,-39.165714,976
55.290424,-11.50102,977
-37.553886,34.42161,978
-37.553623,34.42128,979
47.591427,-25.249899,980
-19.94115,-19.218662,981
-37.470154,-47.79582,982
4.3587575,-54.52625,983
-19.669868,41.579,984
-16.805353,57.5614,985
31.08517,-40.348156,986
-15.046168,48.927147,987
43.22253,-39.41846,988
-0.48072904,70.1451,989
8.578119,60.370815,990
-27.29904,35.8337,991
-25.894241,35.586613,992
-2.6700497,55.507034,993
44.38639,-26.78378,994
19.813683,-26.299213,995
41.821247,-24.433153,996
17.954151,-25.161066,997
41.82332,-24.439253,998
-10.276934,43.194008,999
-29.990551,48.044582,1000
-29.990551,48.044582,1001
-35.54705,58.57695,1002
-32.95573,59.959084,1003
-32.95573,59.95908,1004
45.756737,32.129395,1005
-4.9453373,-5.526556,1006
11.978814,61.66793,1007
-36.75335,58.37905,1008
-36.102173,6.538006,1009
2.68499,-50.517212,1010
2.207675,-46.187534,1011
-35.68474,6.271734,1012
-18.7149,68.52157,1013
-44.657864,36.91039,1014
-44.65768,36.91033,1015
-44.65764,36.910606,1016
-37.553707,34.42136,1017
7.1994157,-6.48234,1018
-19.668798,41.57903,1019
-82.50781,3.6451306,1020
-62.089146,-28.58079,1021
15.13781,-34.246605,1022
-19.217001,67.71368,1023
42.81472,23.044964,1024
-31.915392,45.84848,1025
-56.553925,60.015007,1026
17.448925,23.457218,1027
-19.94167,61.31334,1028
39.430126,10.515894,1029
-17.214617,70.57017,1030
27.116472,-37.633987,1031
-8.041052,-44.794006,1032
-6.1049147,-15.908186,1033
1.3358209,47.263428,1034
-55.367832,4.894482,1035
-44.906376,0.65163356,1036
-54.101696,34.524296,1037
-22.455406,-44.461468,1038
-25.85046,-34.821777,1039
14.665323,-35.25864,1040
17.996452,-26.248802,1041
5.3485904,6.8174696,1042
-15.516055,4.067514,1043
-4.2642894,3.4264905,1044
-19.108194,3.7778022,1045
-14.199152,2.2713518,1046
36.362648,19.556879,1047
-17.000616,14.149289,1048
-19.108194,3.7778022,1049
-14.129071,4.4495096,1050
45.706787,-12.014471,1051
45.706787,-12.014471,1052
13.089153,-29.383574,1053
14.784565,-19.15242,1054
11.781502,-27.72547,1055
59.818356,-11.690675,1056
-65.26595,-30.350874,1057
-10.594015,-54.226368,1058
-29.495039,-37.681435,1059
26.996134,22.307653,1060
-18.149338,-39.65683,1061
-59.542553,-27.56022,1062
-35.47087,25.49738,1063
-23.542788,40.445026,1064
-53.975685,52.42677,1065
-53.97575,52.426334,1066
-53.976894,52.426258,1067
-55.557095,47.843674,1068
-6.245297,-13.016134,1069
12.014619,22.383083,1070
26.715961,23.580452,1071
-18.334013,-18.62076,1072
-62.666264,15.7650175,1073
8.739838,-51.931396,1074
-82.564514,3.2046227,1075
-18.287752,68.92015,1076
35.431416,-38.64484,1077
-59.153435,15.06239,1078
-52.30663,33.695995,1079
36.472828,19.590338,1080
0.9335342,-1.025148,1081
0.18030652,4.920546,1082
-43.801464,-9.583047,1083
-44.41763,-10.654682,1084
43.580883,-15.463033,1085
22.374704,48.171402,1086
4.0776815,-0.91455966,1087
14.559161,31.97149,1088
6.023558,-5.64498,1089
25.977787,45.548836,1090
7.850752,30.404097,1091
3.6448662,28.224138,1092
26.486288,21.504486,1093
13.903684,25.44715,1094
45.61131,23.203102,1095
30.803547,38.7881,1096
1.3763027,8.868674,1097
39.981762,30.274284,1098
12.279792,-29.096668,1099
-24.636381,-34.15086,1100
31.27806,-37.21893,1101
46.09863,30.764168,1102
39.707447,-49.648067,1103
-5.708641,50.70136,1104
9.469806,23.399416,1105
-61.013203,-25.994936,1106
-6.156158,-51.03471,1107
-59.786743,53.927784,1108
-55.112663,53.120567,1109
-1.7006804,22.69263,1110
45.282314,-15.768882,1111
-58.876476,-26.224005,1112
-27.388788,44.07399,1113
-16.766602,-3.4669046,1114
-0.40566325,4.327118,1115
-0.98926944,1.9812105,1116
-16.871778,-44.912563,1117
-2.6646955,-59.398285,1118
18.899433,45.39103,1119
-13.7218,-15.959216,1120
-7.2269497,12.137779,1121
-62.25246,10.016238,1122
48.526947,2.300259,1123
27.065063,41.61794,1124
11.851734,26.82837,1125
11.46407,23.17292,1126
45.687122,1.4498008,1127
8.774616,29.23228,1128
44.15977,23.744663,1129
13.7543125,30.466124,1130
11.464098,23.172365,1131
11.851734,26.828367,1132
11.463876,23.172342,1133
-18.44377,-18.618557,1134
32.618763,40.895653,1135
7.276631,32.14552,1136
39.80947,30.278572,1137
-6.2570653,-55.618248,1138
59.200447,-4.7721195,1139
48.577885,23.584778,1140
37.005672,-4.616456,1141
-19.021086,69.211136,1142
9.906567,-22.470499,1143
40.689037,22.976395,1144
-44.90622,0.6514841,1145
-19.669943,41.578876,1146
-20.16473,-35.14777,1147
-13.966412,5.9087825,1148
-3.1910157,-41.650528,1149
26.745073,39.267788,1150
25.5207,44.717007,1151
13.368816,35.229893,1152
-57.182186,54.9671,1153
-57.18221,54.9671,1154
-2.0106184,-4.4306726,1155
45.07407,24.372404,1156
47.778385,-2.4049242,1157
-58.13992,-4.5207705,1158
-39.83711,32.638,1159
-19.366915,68.554985,1160
24.817043,7.123597,1161
-56.908386,54.59282,1162
23.241795,14.127537,1163
-1.2055801,-50.248695,1164
2.6852257,-0.09136387,1165
0.48814324,5.8217835,1166
-4.595484,-14.4264765,1167
7.2811327,-21.040379,1168
23.373882,43.40715,1169
37.97172,9.54051,1170
41.70495,31.440962,1171
0.47341007,24.937027,1172
46.705875,38.143154,1173
46.710953,38.161182,1174
43.84158,30.415298,1175
37.45385,10.873904,1176
34.1029,-40.63558,1177
1.7025555,-52.063194,1178
11.317661,-55.192783,1179
13.118498,-55.682194,1180
38.756042,23.953934,1181
53.62198,-13.178461,1182
6.525953,-50.375996,1183
17.02825,23.046833,1184
19.686451,49.121468,1185
45.347065,3.4475625,1186
-33.020626,-48.127884,1187
-23.406858,-48.734272,1188
-65.54824,-5.024705,1189
-30.61146,21.50058,1190
1.1735363,-47.103218,1191
1.2231467,-47.111828,1192
-0.28309783,-57.8309,1193
-1.3311887,-58.994694,1194
-2.3049386,-56.52521,1195
-78.0484,1.4923788,1196
-28.046616,-31.81998,1197
-4.748581,-8.019329,1198
-3.433519,-7.9613647,1199
45.378036,-24.73487,1200
-1.5108756,22.224276,1201
0.71492267,18.728447,1202
-0.6070353,21.578405,1203
-1.5109826,22.224255,1204
0.48855957,5.8220096,1205
2.6852257,-0.09136387,1206
4.927895,-52.68486,1207
-15.741458,-17.849298,1208
40.378723,-22.434454,1209
-37.839066,-47.177994,1210
-14.535254,-33.949905,1211
-28.04803,28.101425,1212
24.081842,-42.809273,1213
28.560843,20.23397,1214
5.388847,33.65575,1215
39.628357,10.052975,1216
-58.22905,29.579264,1217
-58.691982,-2.4439766,1218
-6.2981973,-12.789024,1219
38.133068,26.36506,1220
39.75953,35.233868,1221
8.88975,25.794062,1222
43.43187,-45.55464,1223
43.5165,-45.401016,1224
60.958546,-10.59995,1225
-7.85754,-47.783787,1226
-17.85892,5.0606723,1227
-60.68066,53.901783,1228
-20.279373,-40.07403,1229
-20.0496,-40.375153,1230
-18.323385,69.54675,1231
-14.939582,68.31207,1232
2.8699062,60.99466,1233
-18.841965,37.329205,1234
-15.277439,67.52567,1235
-17.248198,65.83942,1236
-3.7320514,-37.081688,1237
-9.640425,-53.71834,1238
-36.60643,5.7418666,1239
10.157964,65.506065,1240
3.7799873,58.941284,1241
-15.542416,69.67974,1242
-28.04851,28.10165,1243
16.579556,22.751858,1244
0.63169974,7.4075003,1245
46.5668,36.318542,1246
46.903194,32.267773,1247
43.388264,34.952515,1248
46.54059,36.440266,1249
45.968098,31.729755,1250
3.593589,59.01005,1251
-22.842802,-40.485474,1252
-16.234951,-45.746582,1253
-7.431715,-40.924793,1254
-42.27439,-6.097393,1255
11.896712,22.351896,1256
32.65004,-37.38938,1257
-42.522713,41.722145,1258
14.839537,-35.86785,1259
-58.654488,29.179619,1260
-58.653465,29.17954,1261
16.731226,-25.149025,1262
-16.622875,-3.9284127,1263
-54.884686,53.97522,1264
-27.91204,-32.784046,1265
-23.711782,-48.38996,1266
-35.894035,-47.462357,1267
-15.9896,70.37385,1268
-16.664516,70.41103,1269
-16.713642,75.55595,1270
-0.6290536,24.2409,1271
38.31761,-45.281864,1272
36.713943,-46.89372,1273
-35.25314,57.248417,1274
-21.820965,-42.934555,1275
2.1300423,-54.86513,1276
-26.691603,34.874012,1277
-3.756451,-20.991268,1278
-1.5720589,-52.324955,1279
6.400846,-45.83751,1280
-25.437145,-37.734917,1281
10.16528,65.5059,1282
-19.240847,70.505226,1283
-0.57318234,-8.8859005,1284
8.716833,14.814664,1285
23.867407,-33.90267,1286
-1.875433,70.08105,1287
10.040675,57.75162,1288
-39.45554,41.355503,1289
-38.54504,36.341515,1290
-6.042031,45.71956,1291
-20.891066,-33.937286,1292
-21.249554,-34.08394,1293
-47.640453,41.32878,1294
-47.640762,41.328785,1295
-28.946692,-36.739872,1296
-15.658652,68.14412,1297
-60.73787,-28.220228,1298
16.40095,10.70457,1299
6.259384,28.067059,1300
7.7835608,-59.907585,1301
31.027153,-32.956184,1302
37.059658,-31.17117,1303
49.407623,-11.58088,1304
-2.2199376,15.2076845,1305
-0.69541645,15.183005,1306
2.7279418,-40.803402,1307
-30.962446,42.213745,1308
-28.37937,37.428604,1309
29.926102,14.704867,1310
-14.5399475,2.9632044,1311
-18.79484,5.344569,1312
-17.071157,14.450357,1313
-13.834977,1.6514626,1314
-18.79484,5.344569,1315
-13.948187,10.660289,1316
3.1044846,-4.244271,1317
35.541958,18.816612,1318
7.408109,6.7036,1319
8.585558,62.142334,1320
-23.088167,-46.096855,1321
-27.638968,-37.480152,1322
-17.445076,69.493614,1323
25.001665,7.3806505,1324
16.51766,-1.2109644,1325
-43.70111,-12.671093,1326
-44.375217,-13.01756,1327
-44.375217,-13.01756,1328
-3.5992274,-37.068066,1329
-17.445076,69.493614,1330
17.807438,-19.378517,1331
-43.557213,-13.700166,1332
16.83912,34.676117,1333
-61.882694,-28.517591,1334
-28.991982,-52.833267,1335
-36.058006,8.380695,1336
-24.223232,-33.274837,1337
-29.131466,33.683563,1338
-53.23094,33.323776,1339
18.900084,45.38148,1340
8.448123,-60.99821,1341
-26.24909,-44.889427,1342
22.007471,48.301075,1343
-3.014818,-2.8486724,1344
26.730143,39.396492,1345
27.069132,46.621258,1346
14.152773,25.550343,1347
40.436333,29.229195,1348
27.069574,22.060564,1349
4.599135,-5.481925,1350
31.227737,11.202124,1351
44.43868,4.622471,1352
25.785595,45.424225,1353
17.477398,6.0764837,1354
9.440292,-60.103218,1355
31.956934,-31.328655,1356
32.02462,-31.46097,1357
-62.411674,-4.3557053,1358
43.96369,22.39583,1359
-10.444135,-19.45506,1360
30.829538,15.085227,1361
5.614259,25.582539,1362
41.621494,-53.735935,1363
41.078423,-54.360077,1364
14.81522,11.337928,1365
14.486878,30.424334,1366
25.893644,26.66927,1367
25.893341,26.66923,1368
17.052385,-16.404299,1369
34.631584,-39.046432,1370
-20.360298,-47.21732,1371
-20.363512,-47.195515,1372
64.40172,-19.837421,1373
5.524411,33.54929,1374
-57.590935,-27.173485,1375
40.20989,24.304945,1376
-5.5470567,-17.587616,1377
-0.09791675,-8.981815,1378
38.35368,36.45927,1379
9.369144,25.551783,1380
-42.693893,-2.4108436,1381
-15.444965,7.719868,1382
15.441871,11.147767,1383
44.71367,22.555498,1384
11.639719,8.553001,1385
46.063053,1.9023495,1386
45.13135,3.6404989,1387
8.7913265,-60.169434,1388
-33.064068,-47.89563,1389
-52.943085,54.34775,1390
-52.943096,54.34765,1391
35.653835,-9.388859,1392
-16.205898,-45.50977,1393
-26.212559,-44.812916,1394
-45.48618,-17.903599,1395
5.9998956,-52.139294,1396
52.199635,-2.2168808,1397
-36.117775,-47.49426,1398
-27.91182,35.074173,1399
-4.974723,45.045692,1400
-55.49073,52.47139,1401
-37.74642,-46.98763,1402
-44.289448,-6.8693576,1403
-38.964283,40.696613,1404
12.115131,10.920651,1405
14.641249,9.986963,1406
46.841553,-12.872196,1407
12.912855,-29.413748,1408
-30.314035,-46.575897,1409
-66.39593,-4.712038,1410
-3.0522766,-57.4247,1411
-2.4250698,-59.373432,1412
-43.66007,-10.916444,1413
-43.66007,-10.916444,1414
-43.66007,-10.916444,1415
-35.307785,-45.572536,1416
-61.20001,9.533861,1417
31.256956,11.104784,1418
24.817474,7.1244545,1419
45.45395,-24.7468,1420
45.124237,23.231476,1421
38.231956,-5.122678,1422
5.3101907,62.7862,1423
4.3874702,61.788654,1424
-7.440681,-40.533276,1425
-40.297882,-1.0881774,1426
-44.726467,15.466715,1427
21.259422,-27.426249,1428
49.238773,-1.1758076,1429
-27.372614,-36.785492,1430
59.805084,-34.838,1431
-61.694088,-26.492903,1432
-25.154184,-35.360043,1433
-32.215313,-50.004242,1434
-55.44528,52.48357,1435
-41.48456,40.769295,1436
41.195873,-23.189175,1437
1.053429,1.4100988,1438
-8.979007,-53.636112,1439
14.68362,-27.521225,1440
5.034498,-52.66872,1441
34.17749,-18.11134,1442
15.657349,-14.556893,1443
-37.923557,0.9881179,1444
-24.890276,-47.44522,1445
-16.011494,-17.015762,1446
34.261105,8.112335,1447
38.006485,11.695664,1448
31.64669,42.54536,1449
43.228592,28.509901,1450
-33.36445,-49.337185,1451
12.206926,12.886823,1452
-57.265663,51.127037,1453
-32.959805,59.854683,1454
-54.063755,-5.539673,1455
-40.297882,-1.0881774,1456
-39.60632,34.305733,1457
-27.650183,-41.705162,1458
-3.8864653,0.17052032,1459
16.757847,-20.72001,1460
44.401897,-27.814854,1461
-20.446163,-15.666215,1462
24.973986,-45.466103,1463
-21.30097,71.650536,1464
25.138014,42.797707,1465
1.2500951,19.432718,1466
43.54222,31.65337,1467
9.492635,13.491659,1468
37.73645,10.007814,1469
52.74164,-11.077101,1470
39.57391,21.426014,1471
29.310442,-22.284716,1472
20.876966,-23.402824,1473
-23.46358,-47.719456,1474
-4.959904,51.103783,1475
-5.68531,51.19246,1476
-8.040086,-50.967705,1477
21.518293,48.450336,1478
-27.789278,-37.85728,1479
60.87789,-29.124498,1480
39.471348,-19.055855,1481
39.12112,-33.18907,1482
0.16129367,70.186165,1483
16.087511,-23.069052,1484
16.087654,-23.069069,1485
16.087511,-23.069052,1486
-5.6409173,45.95198,1487
15.97856,-16.205713,1488
-78.7306,1.523448,1489
41.284355,-57.506126,1490
-13.608647,-17.12232,1491
-58.84388,-29.261608,1492
12.694401,61.601833,1493
7.289197,23.018284,1494
6.0236335,30.139088,1495
-1.2671454,20.839146,1496
-1.1965344,20.76552,1497
-0.522953,20.482718,1498
0.7790102,18.795685,1499
-12.051769,6.1434345,1500
7.8129697,61.23073,1501
-2.6218486,55.445843,1502
-9.970984,43.076073,1503
-12.667169,8.133811,1504
-15.872637,12.040278,1505
-15.273907,9.814192,1506
-35.54705,58.57695,1507
-3.4794571,53.746788,1508
-64.34039,-29.849857,1509
46.89005,36.732628,1510
42.82071,34.188553,1511
43.17072,33.17943,1512
45.454334,30.991873,1513
43.13845,33.185448,1514
45.53672,31.016966,1515
15.302735,-25.429893,1516
32.29032,-48.298996,1517
7.729808,57.28608,1518
12.741245,-55.92872,1519
4.1571045,-56.34093,1520
43.746044,-28.888975,1521
-12.789169,-18.647362,1522
-7.4206076,-55.13872,1523
4.901073,-46.946888,1524
30.174492,-36.899185,1525
17.169754,-17.191402,1526
27.919994,-39.928993,1527
33.235752,-38.980118,1528
39.059864,-17.965273,1529
4.275476,-54.494762,1530
-35.25314,57.248417,1531
6.062599,30.071405,1532
7.743545,60.598743,1533
61.405315,-10.255901,1534
17.63577,12.527844,1535
16.404032,-0.67715454,1536
11.042932,15.1145735,1537
44.43085,33.821087,1538
44.343052,34.26178,1539
-16.69396,-3.5842843,1540
-15.203456,11.969886,1541
-17.059528,14.456541,1542
-12.736268,14.914134,1543
-18.739803,10.689302,1544
-15.954378,11.57399,1545
-14.519784,2.998016,1546
-13.804836,1.6642408,1547
-13.888959,10.592998,1548
59.77527,-11.712736,1549
24.642908,-42.82759,1550
-4.808723,48.953903,1551
-38.493896,-56.361122,1552
-63.732925,-32.88903,1553
-0.9392051,-8.186596,1554
21.75531,48.835617,1555
62.794117,-17.228022,1556
-15.7639885,68.96766,1557
-0.78716797,69.35719,1558
26.985308,-69.18132,1559
26.985308,-69.18132,1560
27.26581,-69.34168,1561
26.985308,-69.18132,1562
26.985308,-69.18132,1563
4.4381022,-43.896923,1564
-67.416595,9.1034565,1565
35.914818,-8.726306,1566
3.4577565,6.3040657,1567
6.15261,2.4710522,1568
3.4577389,6.3039393,1569
6.1523647,2.4713042,1570
18.743626,46.215157,1571
25.12489,38.293144,1572
36.185993,13.699896,1573
30.623281,38.54474,1574
25.408031,38.894226,1575
40.431236,28.706078,1576
43.151768,-15.685186,1577
46.28771,21.629345,1578
27.89213,16.163092,1579
28.376127,14.550096,1580
7.086882,-6.407256,1581
21.512424,48.455017,1582
13.568373,25.185633,1583
27.769978,46.05537,1584
7.84096,26.508135,1585
4.875733,-3.8919392,1586
6.198954,-1.737109,1587
20.80345,-19.785763,1588
-15.818254,67.02805,1589
46.5179,-11.62403,1590
46.5179,-11.62403,1591
9.236435,61.454643,1592
-69.72747,14.143495,1593
-70.53789,10.879616,1594
-5.0776143,-8.1126995,1595
-3.4229841,-3.8977532,1596
-18.72919,-17.40383,1597
17.313332,-14.620954,1598
46.185863,-28.805021,1599
6.5923285,-46.831867,1600
49.796326,-2.1691048,1601
40.573162,-23.871176,1602
-45.95299,-17.047308,1603
-45.796818,-16.243654,1604
23.844555,25.670313,1605
23.844557,25.670311,1606
13.823688,-1.4729553,1607
-14.424628,-32.83495,1608
25.003384,7.379939,1609
12.205344,12.7632065,1610
-40.497856,-51.152496,1611
-40.497665,-51.15247,1612
-60.72446,-31.651861,1613
27.702478,47.72585,1614
56.45809,-16.596209,1615
26.323975,23.328377,1616
38.74687,23.974783,1617
38.26043,36.04254,1618
26.8795,48.254696,1619
44.389217,23.794523,1620
39.714684,11.688566,1621
38.21741,12.344536,1622
-45.21068,-13.335344,1623
-45.21068,-13.335344,1624
8.681078,-61.853554,1625
8.574504,-61.971745,1626
8.574503,-61.971733,1627
-7.99078,11.226448,1628
-1.6791519,22.841236,1629
19.1704,-26.082706,1630
32.907158,-32.19068,1631
8.329875,61.433228,1632
46.52555,-28.504173,1633
-58.80057,-4.3918667,1634
26.972868,-26.313745,1635
13.7306385,-1.5126259,1636
10.417589,7.0018115,1637
11.084925,-57.130913,1638
15.80755,-31.318708,1639
-40.493412,47.98172,1640
23.058714,43.69467,1641
11.904787,-54.490322,1642
5.3101907,62.7862,1643
-3.1360373,-9.255088,1644
2.720342,-56.837845,1645
22.539812,-39.715137,1646
-14.54291,-17.607342,1647
-22.582657,-40.64305,1648
-3.1734748,24.71587,1649
19.137417,-24.942713,1650
30.391218,-40.985413,1651
-5.865475,46.78331,1652
-27.062254,-33.483913,1653
-32.959805,59.854687,1654
25.970945,-70.182175,1655
25.970945,-70.182175,1656
25.970945,-70.182175,1657
-15.056856,6.4957724,1658
-21.321653,6.3819766,1659
-21.321653,6.3819766,1660
-0.50333095,6.5294733,1661
-37.922497,0.98782974,1662
-41.043568,-54.26634,1663
-55.527546,6.9792376,1664
-36.05792,8.380932,1665
38.03075,26.483364,1666
8.125366,11.337623,1667
2.925591,33.455025,1668
28.679996,20.131237,1669
40.252865,-49.101025,1670
19.568241,-31.807741,1671
61.461143,-10.205544,1672
-27.729244,-41.645893,1673
12.658451,21.799704,1674
24.400417,-46.256626,1675
-25.309837,-46.90975,1676
16.944765,34.672043,1677
32.63504,-36.321095,1678
53.540916,-13.260618,1679
-7.387229,-40.35008,1680
17.686625,12.546638,1681
36.10727,-9.183719,1682
32.01419,41.211132,1683
9.490266,-22.798717,1684
7.215164,60.791214,1685
-4.959904,51.103783,1686
-0.46725142,70.47243,1687
-32.23842,58.853706,1688
35.26679,-42.62214,1689
33.412884,-43.879955,1690
-34.454144,-48.53833,1691
-25.507328,54.370827,1692
15.738538,23.457962,1693
-62.910065,0.0631208,1694
49.671272,-2.0339882,1695
44.398766,23.79434,1696
-45.40904,-16.897697,1697
-17.616095,68.39066,1698
-18.839508,69.87203,1699
35.914818,-8.726306,1700
26.855726,16.69301,1701
27.912142,21.060068,1702
5.5000353,-59.86823,1703
30.19792,44.885124,1704
55.690723,-41.552128,1705
11.912533,15.322822,1706
6.459637,58.448833,1707
8.1844015,60.25293,1708
-12.605772,8.142816,1709
10.208579,65.467834,1710
-16.645508,68.635056,1711
-17.445076,69.493614,1712
-57.757584,52.693565,1713
43.535572,31.85066,1714
22.643953,-13.049287,1715
5.8502536,-56.577282,1716
-3.3768868,-53.37131,1717
-55.597576,50.43175,1718
-80.29049,2.9810548,1719
-41.08974,0.88387597,1720
-5.865475,46.78331,1721
23.161106,-12.581143,1722
-3.9363837,49.659676,1723
2.6779656,-52.54902,1724
0.6556785,-33.117786,1725
35.546497,-8.923099,1726
50.22258,31.494396,1727
50.853497,32.080334,1728
49.7954,35.65459,1729
6.9730735,22.158413,1730
-4.304739,3.4393578,1731
-17.050833,14.490475,1732
-17.257902,11.920446,1733
-17.948221,3.3101828,1734
-17.948221,3.3101828,1735
-19.87635,67.518585,1736
23.449846,-12.353149,1737
16.170115,22.871447,1738
7.8055778,14.576262,1739
13.388841,33.541862,1740
-58.22843,29.57998,1741
-18.386822,13.916061,1742
24.283422,14.116352,1743
28.368017,16.552685,1744
-83.00433,3.3283627,1745
60.972332,-33.67463,1746
-5.208836,-8.178561,1747
41.8758,33.21517,1748
40.709587,34.36623,1749
44.60544,27.92814,1750
44.560318,28.253794,1751
0.754043,30.994753,1752
-41.91923,-53.771408,1753
7.986838,61.745995,1754
-4.808723,48.953903,1755
-31.717136,41.67493,1756
-31.716642,41.674652,1757
-5.2247624,49.166615,1758
49.436554,-49.04663,1759
15.304346,-28.891582,1760
-15.423226,11.314329,1761
5.666964,3.0704973,1762
31.174402,15.00844,1763
25.097595,38.25706,1764
28.203537,46.989796,1765
26.049316,-64.89427,1766
53.239197,-34.891315,1767
26.175642,-71.039925,1768
26.176046,-71.04439,1769
43.727215,33.080727,1770
43.797585,33.154007,1771
29.871412,45.88805,1772
8.304118,11.845511,1773
-17.494694,75.62738,1774
11.613262,14.312834,1775
-32.576008,-46.94262,1776
-3.4833782,49.173096,1777
38.4046,-54.342728,1778
38.72799,-54.601967,1779
24.934692,-44.822643,1780
-36.414993,-50.754845,1781
43.14576,-41.682926,1782
35.914818,-8.726306,1783
34.238613,-8.879729,1784
27.244154,-36.346287,1785
2.0170112,-43.407333,1786
19.026531,-3.2818477,1787
19.026537,-3.2818422,1788
10.237564,11.056548,1789
43.66352,5.8172245,1790
42.026333,7.2599506,1791
1.5026883,15.866115,1792
25.194387,24.607437,1793
14.372077,30.385855,1794
24.699038,22.788906,1795
-57.586773,53.50576,1796
-57.586773,53.50576,1797
-57.586773,53.50576,1798
28.847994,15.897635,1799
48.873898,2.359311,1800
46.40787,0.56790864,1801
4.875136,65.99619,1802
59.669395,-4.835696,1803
24.711182,-38.58914,1804
-38.38861,33.905087,1805
-29.010204,-37.234524,1806
-34.92575,-46.357388,1807
0.3052979,24.254597,1808
61.89798,-17.98242,1809
-35.625687,25.981821,1810
-2.96368,-60.3458,1811
-31.714565,41.673134,1812
-9.139468,-46.396847,1813
-14.012317,5.7982764,1814
-39.94619,-53.564606,1815
-47.185665,42.60332,1816
-78.0484,1.4923788,1817
-19.684917,14.323335,1818
9.161241,60.83986,1819
-6.0801907,-50.169754,1820
0.3311118,-42.940563,1821
-32.959805,59.854687,1822
14.909035,-28.488165,1823
45.40635,-41.8899,1824
-2.7496037,-58.537342,1825
-2.4173076,-59.35646,1826
-55.070034,6.3478374,1827
54.89848,-20.412561,1828
15.227629,11.760269,1829
19.190533,7.290245,1830
3.4955716,-2.9216914,1831
-42.4804,-52.077198,1832
-30.091656,-37.381966,1833
-36.60643,5.7418666,1834
4.924294,-4.9274273,1835
26.953672,-26.268974,1836
-15.969348,-8.151289,1837
48.189205,-25.617706,1838
18.460522,0.44564363,1839
18.655956,-13.903713,1840
-29.753122,-53.487106,1841
29.648346,-28.351833,1842
30.097612,45.993847,1843
2.3189962,32.475143,1844
22.966393,14.678463,1845
-12.470674,2.9805355,1846
27.69995,-7.5320683,1847
-33.348183,-45.137844,1848
-15.56554,-36.17348,1849
-27.122068,-42.005913,1850
-30.859201,21.395063,1851
-30.946669,42.206497,1852
6.1292195,58.2405,1853
24.269117,-38.209324,1854
22.038774,41.115887,1855
53.31523,-9.101803,1856
-38.825554,-50.632732,1857
-32.764164,28.018463,1858
-16.162214,69.58397,1859
-4.959904,51.103783,1860
-20.328499,-35.609318,1861
-57.75202,0.7497992,1862
-40.52009,-52.01325,1863
35.546497,-8.923099,1864
-0.44048414,-43.737186,1865
-62.20435,-26.445503,1866
26.624498,-25.71083,1867
-0.25216502,-47.164024,1868
-16.997038,14.166142,1869
-18.68567,66.18073,1870
5.752656,-40.563435,1871
11.892492,-56.056324,1872
26.372728,21.474356,1873
14.580512,13.720275,1874
25.304716,21.552578,1875
58.14686,-3.5063922,1876
30.93382,-48.1777,1877
-31.311533,39.639755,1878
-31.311592,39.639717,1879
24.609716,-33.804825,1880
-9.494993,-44.23534,1881
-25.035053,-35.224422,1882
-22.281406,-44.16849,1883
-57.799664,14.041994,1884
34.5018,45.664555,1885
35.924263,11.778388,1886
-55.194572,31.92719,1887
-55.19435,31.926872,1888
16.705957,-28.48295,1889
6.9566813,22.13679,1890
-18.740406,10.717747,1891
9.236435,61.454643,1892
57.001015,-33.589924,1893
-14.359925,-33.58279,1894
-25.95395,37.482407,1895
32.051395,40.899784,1896
30.795454,43.667797,1897
47.729595,-24.718075,1898
25.095888,14.136271,1899
-14.610845,69.579666,1900
-35.563274,56.227997,1901
-60.76117,10.6332445,1902
-8.847806,-18.209494,1903
-29.85212,-36.779366,1904
42.326885,-23.466377,1905
56.403484,-12.939435,1906
40.125027,-24.254454,1907
18.562807,46.753628,1908
-17.300423,11.917356,1909
21.517733,48.77056,1910
26.06028,-65.2099,1911
1.3266345,14.391581,1912
-6.834017,-13.622374,1913
46.244232,-28.764936,1914
-31.70695,41.66836,1915
-61.110306,-31.62787,1916
9.323294,63.060013,1917
-25.521257,-43.49223,1918
21.75531,48.835617,1919
4.7541866,-56.45687,1920
0.87352175,6.59174,1921
-19.379553,62.297073,1922
-25.953856,37.482353,1923
32.26585,17.256874,1924
-7.1343517,-14.561432,1925
43.573563,5.917647,1926
48.77041,31.846436,1927
50.60606,34.287464,1928
50.133125,32.53966,1929
48.56587,36.47626,1930
50.580128,34.25755,1931
49.455746,35.33359,1932
27.27544,-29.42267,1933
-9.034805,-47.934658,1934
-14.382715,17.501375,1935
-56.61347,54.302216,1936
-36.918755,-49.933224,1937
-51.57344,53.331192,1938
-51.573563,53.33117,1939
57.075573,-38.615063,1940
59.66939,-4.835698,1941
-41.107666,34.16138,1942
66.25201,-15.852466,1943
-65.994286,-30.036228,1944
32.92422,-34.8374,1945
11.940131,11.076796,1946
-82.564644,3.2046926,1947
16.333923,-1.1009914,1948
-4.040387,49.771675,1949
49.199734,-1.122542,1950
-6.042031,45.71956,1951
32.13733,-51.749794,1952
36.748585,-46.211586,1953
-7.9126973,-45.02881,1954
-14.313243,17.547346,1955
32.691837,8.973666,1956
4.4564753,5.424036,1957
4.870997,8.184963,1958
16.959326,-12.563698,1959
16.092354,-13.312926,1960
-40.227684,-53.71818,1961
-40.004208,-53.643,1962
-16.647173,75.53323,1963
-0.52674913,-5.66739,1964
10.012668,25.223225,1965
-2.9490676,-9.515205,1966
27.271904,-29.420048,1967
-18.802862,37.277252,1968
-27.59517,28.148676,1969
-17.494534,75.629074,1970
-41.64354,-55.00454,1971
47.290436,33.72017,1972
6.631359,-20.769352,1973
0.16020979,-2.9918506,1974
2.782857,1.6651944,1975
14.403844,30.380672,1976
12.064391,11.167629,1977
19.332434,7.3212786,1978
25.368547,47.62354,1979
13.142494,10.430644,1980
46.20896,21.57017,1981
11.60665,14.430522,1982
-40.18834,43.006317,1983
-40.474243,46.74099,1984
-14.485064,48.92329,1985
-17.14897,-46.031902,1986
18.577955,-30.972982,1987
-37.49132,-53.261925,1988
62.039303,-20.17191,1989
0.16129367,70.186165,1990
-1.724142,70.616714,1991
-1.9190583,14.198889,1992
-21.729235,57.370182,1993
40.497482,-28.65807,1994
25.00721,-34.510124,1995
31.088873,44.568333,1996
-19.376043,62.295006,1997
-5.461763,46.075912,1998
26.715961,23.580452,1999
33.947464,8.3181505,2000
37.5971,11.76575,2001
39.24648,31.107903,2002
28.268225,48.967457,2003
-17.7628,70.41141,2004
-42.35366,40.531876,2005
-45.48618,-17.903599,2006
-23.601915,-36.166515,2007
49.139317,-46.59215,2008
-16.50581,19.592064,2009
47.783756,27.937193,2010
49.04042,28.37469,2011
48.695988,28.284561,2012
42.790874,38.042984,2013
42.737934,38.08578,2014
40.919304,27.405027,2015
-41.220577,-54.786327,2016
7.215164,60.791214,2017
-2.6221683,55.44659,2018
-18.834938,9.482713,2019
-16.358555,65.85396,2020
0.7934642,18.764626,2021
-27.29422,35.91092,2022
-44.375217,-13.01756,2023
-17.917292,66.08309,2024
32.347702,-7.242551,2025
27.477133,-40.2635,2026
35.189297,11.876179,2027
9.519081,13.321999,2028
31.140692,11.170274,2029
-40.428726,-55.015533,2030
7.2690463,61.599728,2031
-30.859945,21.39593,2032
-12.463354,14.933514,2033
9.008511,61.821114,2034
43.450127,23.296888,2035
19.27232,-26.037193,2036
13.5896435,-26.129698,2037
45.189533,35.48043,2038
46.09817,36.7637,2039
34.084393,-40.525467,2040
46.07618,34.45005,2041
33.798153,-45.035553,2042
28.764256,-38.934208,2043
0.5983971,-43.266483,2044
-5.26857,-51.168934,2045
39.582073,-31.9713,2046
-17.494534,75.629074,2047
-61.354584,-30.532583,2048
-54.13082,31.501621,2049
-10.90698,3.8643532,2050
5.8067894,33.978554,2051
25.000109,21.14633,2052
-23.176949,-36.40431,2053
39.455734,36.732586,2054
-43.924835,45.774555,2055
30.244356,43.99677,2056
16.497076,-29.379162,2057
-2.085537,-59.91352,2058
-45.48618,-17.903599,2059
46.288982,25.486517,2060
-39.653976,-54.88433,2061
19.539417,49.728016,2062
59.77746,-40.249126,2063
6.788195,-49.84587,2064
40.641865,-21.478642,2065
16.440393,22.936146,2066
11.540312,8.3205185,2067
60.958847,-33.681282,2068
-3.42069,53.810036,2069
-41.635223,-4.670452,2070
-41.635185,-4.6704516,2071
-41.635185,-4.6704516,2072
-41.63523,-4.670452,2073
-19.108194,3.7778022,2074
-14.198655,2.27165,2075
-16.697342,-3.7132823,2076
-19.108194,3.7778022,2077
-14.198655,2.27165,2078
48.39032,-25.514055,2079
47.36772,-24.79965,2080
-3.6056666,13.491444,2081
35.914818,-8.726306,2082
-78.0484,1.4923788,2083
4.7891726,7.020978,2084
22.499508,-19.2621,2085
31.850832,-31.313175,2086
29.616055,-28.243164,2087
-23.207354,2.4972403,2088
-19.489897,1.3605034,2089
17.785128,-27.274843,2090
-33.84172,-48.400234,2091
49.579742,35.183907,2092
37.887634,9.228737,2093
-19.87204,15.02393,2094
42.928463,21.521717,2095
39.543533,23.254387,2096
38.468746,37.569866,2097
-14.388318,67.85264,2098
26.034704,-43.622646,2099
48.475563,-50.584293,2100
-17.519829,15.8124075,2101
-20.929192,3.880395,2102
-20.170172,3.9588697,2103
-21.151274,4.0796084,2104
-21.151274,4.0796084,2105
-8.574482,-13.7690525,2106
-8.823745,-13.6447935,2107
12.506195,-56.677284,2108
21.133566,-31.877338,2109
3.0124838,-0.77179,2110
42.803013,28.629156,2111
-3.4178543,-2.3774083,2112
33.72818,8.271278,2113
37.808807,35.294006,2114
40.5803,28.75493,2115
14.559132,31.971899,2116
-4.6446657,49.786087,2117
-44.72531,15.501348,2118
8.1844015,60.25293,2119
2.5815537,0.16594021,2120
0.17357567,6.053948,2121
39.50677,-50.102867,2122
-17.807487,67.79797,2123
-43.036877,-50.722855,2124
-43.036922,-50.722786,2125
-57.757584,52.693565,2126
33.26328,-37.760452,2127
20.746675,-18.375494,2128
64.03786,-16.819971,2129
-17.238308,67.84587,2130
-1.724142,70.616714,2131
28.459679,-37.467163,2132
27.051603,46.6704,2133
-23.616394,-49.798122,2134
4.7093186,34.328148,2135
13.336716,33.386723,2136
-40.659885,-51.446766,2137
11.119857,14.847066,2138
-57.500103,-32.32707,2139
11.058393,26.59468,2140
38.278976,36.011574,2141
26.57706,26.061296,2142
52.12862,0.0063893516,2143
-14.980052,-34.466045,2144
-39.02791,33.781506,2145
-3.0720005,24.015966,2146
7.733417,62.055206,2147
-9.9709835,43.076073,2148
25.78657,-69.82195,2149
25.78657,-69.82195,2150
25.642107,-70.176895,2151
-56.698006,-2.5070004,2152
-42.873234,-3.2920928,2153
13.754215,30.46581,2154
34.079987,7.5582485,2155
24.210938,7.4145923,2156
31.608686,-33.704475,2157
-7.661163,-55.4254,2158
35.56574,-9.706193,2159
2.981544,-40.34876,2160
0.6563155,-33.117275,2161
-55.569233,7.018538,2162
-42.55253,-50.731277,2163
-60.463505,-4.4041085,2164
57.983215,-35.86526,2165
26.176046,-71.04439,2166
25.655539,42.82556,2167
-34.633923,-49.97408,2168
-39.686024,34.187817,2169
8.953978,24.672918,2170
35.02156,-29.945553,2171
54.678173,-7.711448,2172
62.96422,-17.06333,2173
16.68461,-3.275819,2174
1.695618,0.034208912,2175
0.5393419,0.13173415,2176
32.39053,-38.02935,2177
30.678017,-52.415844,2178
47.89874,28.249926,2179
-35.257076,21.455494,2180
21.510141,48.45933,2181
-30.859203,21.395065,2182
-18.475561,-18.5853,2183
-3.7085028,13.969048,2184
6.3062515,-54.801975,2185
31.580395,40.414135,2186
-3.3482034,25.239252,2187
52.57502,-10.396529,2188
8.179117,-53.65275,2189
58.05125,-4.1819754,2190
-14.507223,-6.5463557,2191
-38.88002,-56.51809,2192
-45.40904,-16.897697,2193
26.099888,-65.856865,2194
26.099888,-65.856865,2195
26.10001,-65.85692,2196
41.12966,-23.21179,2197
7.060869,61.196888,2198
45.41656,35.187008,2199
45.45889,34.83947,2200
-36.75335,58.37905,2201
12.289774,61.310272,2202
43.553165,26.699026,2203
-21.350685,-36.157978,2204
32.714863,-10.596537,2205
17.920712,7.4116044,2206
59.179295,-38.291676,2207
-66.66194,-5.4714794,2208
-2.4099567,-56.87855,2209
-55.732906,55.146904,2210
-38.474144,-56.352016,2211
-36.755478,-53.1401,2212
-3.2601748,-9.31919,2213
5.751551,-53.68716,2214
58.55738,-34.298264,2215
-36.554512,57.37066,2216
-18.597357,71.09653,2217
-28.612774,-37.25306,2218
6.6335545,-45.60637,2219
60.923294,-35.77332,2220
36.10727,-9.183719,2221
-36.554512,57.37066,2222
0.16129367,70.186165,2223
2.43323,24.798393,2224
2.43323,24.798393,2225
19.843142,-29.151655,2226
26.500925,-42.915432,2227
35.408504,-38.66325,2228
-18.209923,-39.679337,2229
-31.984745,-49.0904,2230
7.6424527,14.076762,2231
-17.017096,71.32785,2232
-0.2285465,70.89701,2233
-18.54564,67.99909,2234
25.075783,8.491039,2235
-38.048187,43.87216,2236
43.114647,35.4429,2237
64.96159,-19.190971,2238
26.105242,-43.521446,2239
2.3121498,32.334827,2240
-4.364286,48.92077,2241
-37.80802,-6.595318,2242
-37.80802,-6.595318,2243
-39.014175,-5.7650986,2244
-37.80802,-6.595318,2245
-37.80802,-6.595318,2246
-37.80802,-6.595318,2247
-37.80802,-6.595318,2248
-37.80802,-6.595318,2249
-35.0268,22.762993,2250
-4.5547943,-36.773865,2251
-45.48618,-17.903599,2252
36.168903,-42.27794,2253
-60.157288,-28.351902,2254
-41.253025,-54.394794,2255
12.9059105,-29.47133,2256
38.518654,36.34541,2257
38.73673,23.938562,2258
-3.789015,-0.910495,2259
-2.781455,-1.6846969,2260
45.307697,22.847204,2261
37.529648,-12.716682,2262
18.562723,46.75366,2263
56.053116,-11.50885,2264
37.133995,-45.926804,2265
-12.883804,-16.888971,2266
49.711094,-3.5838833,2267
15.59002,-35.27687,2268
0.45279658,5.8261147,2269
2.6112273,-52.42988,2270
38.012783,-29.923786,2271
-5.254086,49.52129,2272
31.632,-48.33712,2273
33.36914,-31.828796,2274
-36.612354,-46.88234,2275
-6.6158705,-51.61222,2276
-1.0785983,-40.685993,2277
-7.942813,-15.368042,2278
-63.216236,-27.604786,2279
36.12724,-40.136833,2280
36.676804,-40.099304,2281
0.59247434,15.364308,2282
-44.375217,-13.01756,2283
-38.78894,-56.202454,2284
49.328304,-46.682514,2285
-16.633438,-7.011325,2286
-15.02665,1.4690363,2287
-23.222012,2.498603,2288
-18.921436,8.184843,2289
-18.472267,3.6927276,2290
-18.772638,10.624406,2291
-13.761892,11.559367,2292
-14.612698,9.655513,2293
7.069918,22.28411,2294
2.832958,-51.198895,2295
49.026455,-25.342535,2296
-18.455667,16.491898,2297
-27.384283,-36.15439,2298
-16.723644,67.39219,2299
-0.275158,70.88435,2300
-1.724142,70.616714,2301
-9.290806,-46.680912,2302
41.323395,7.5602427,2303
33.82084,-45.092545,2304
-34.13467,-49.09008,2305
-32.764103,28.01845,2306
-10.90698,3.8643532,2307
-6.372792,46.044945,2308
39.252293,25.072073,2309
37.108932,33.899456,2310
50.327663,32.417725,2311
50.898643,34.287457,2312
50.900173,34.294563,2313
-54.361256,-1.5042127,2314
7.7407284,62.04987,2315
-9.970985,43.076073,2316
14.88434,11.32485,2317
45.247864,22.304962,2318
6.8340554,-6.2256436,2319
5.203436,-4.043586,2320
46.426662,21.45153,2321
26.390993,40.501423,2322
36.94744,36.139248,2323
59.730495,-11.720372,2324
22.624699,-19.104158,2325
22.592514,-17.715988,2326
64.06239,-15.651104,2327
-13.81585,11.80458,2328
8.953924,24.673864,2329
-58.380947,-1.7418747,2330
57.876167,-41.19679,2331
2.3836892,1.9628614,2332
-20.339231,-36.07425,2333
44.469387,36.832623,2334
42.025745,-44.774086,2335
24.127178,25.539444,2336
-34.13467,-49.09008,2337
27.040056,47.201233,2338
47.98236,33.786274,2339
-38.91042,-5.802704,2340
-38.91041,-5.802709,2341
5.472682,56.417934,2342
1.3912077,47.2383,2343
46.487602,23.195095,2344
62.551758,-17.259266,2345
-20.104656,-40.933964,2346
42.26563,23.832754,2347
-34.134975,-49.09008,2348
-19.689705,14.310324,2349
54.672585,-12.960931,2350
17.363829,47.014587,2351
44.898453,21.078331,2352
-14.344221,17.524937,2353
-8.306898,10.955189,2354
-8.306898,10.955189,2355
24.457432,22.854351,2356
37.948902,23.954355,2357
37.380123,35.7081,2358
-20.847578,-18.503233,2359
57.20197,-40.950455,2360
-4.185514,49.125305,2361
17.437796,-23.890568,2362
21.71764,13.689376,2363
34.130318,-6.875717,2364
12.611426,61.80668,2365
-36.75335,58.37905,2366
-29.439116,-52.8665,2367
41.592606,-49.59847,2368
-6.0265026,-40.675377,2369
14.259997,13.892819,2370
-10.899774,3.8701322,2371
-5.0394535,15.774328,2372
54.730335,-13.237673,2373
-7.5200925,-52.447025,2374
14.716935,10.013737,2375
38.068623,-51.44974,2376
39.623707,-50.037098,2377
-6.6144423,-49.142216,2378
14.925225,36.570328,2379
-4.9020886,18.345123,2380
-3.070582,25.029194,2381
-34.742455,21.268309,2382
44.394917,23.801523,2383
-37.923542,0.98813486,2384
50.670868,-15.172384,2385
-22.395002,-45.904827,2386
56.985924,-41.33593,2387
-1.724142,70.616714,2388
-0.31928954,-5.533801,2389
32.227036,-19.60627,2390
34.68165,45.545094,2391
-38.19551,-56.302048,2392
8.145008,61.200344,2393
-9.298896,44.838573,2394
18.7877,-42.687004,2395
18.7877,-42.687374,2396
18.787699,-42.6872,2397
-4.899539,18.34663,2398
-18.598938,66.88695,2399
11.022199,-21.298698,2400
1.2197089,30.738993,2401
43.19907,28.522984,2402
1.2202622,30.739666,2403
42.399284,-22.547915,2404
-0.75551844,-0.0067495033,2405
-6.176143,-55.140194,2406
10.085931,-55.156513,2407
-17.646812,-45.788765,2408
13.7052145,-1.5244269,2409
-34.707115,21.87711,2410
54.80591,-13.819323,2411
-30.719877,21.450796,2412
25.62915,-0.7027211,2413
12.903709,14.082867,2414
36.74211,24.229551,2415
-0.058346946,23.766281,2416
-14.040278,4.5676804,2417
-45.48618,-17.903599,2418
-46.25144,-17.262127,2419
17.885338,-16.307154,2420
-15.4675865,66.29114,2421
5.74689,-44.144306,2422
46.9752,-44.520645,2423
-32.71348,-51.20744,2424
-36.53412,57.391083,2425
43.18073,25.229279,2426
29.301022,-42.86739,2427
27.835728,-44.00342,2428
22.693165,-39.593143,2429
-42.974785,-12.922348,2430
43.949627,24.30996,2431
2.3551326,2.463344,2432
46.500046,-21.112253,2433
-22.864613,67.32828,2434
15.9809065,22.817028,2435
-55.24274,6.2404447,2436
-58.692005,-2.4439685,2437
41.530613,34.645466,2438
-20.08809,68.3571,2439
-21.301489,71.64921,2440
0.16129367,70.186165,2441
49.990875,-5.4744544,2442
32.288864,-54.01493,2443
-34.054676,-49.24204,2444
-18.071604,-45.783413,2445
0.12405212,70.812485,2446
-22.856152,67.332794,2447
2.283789,2.3950558,2448
-19.379015,62.296494,2449
-5.5120106,-40.788235,2450
-28.202808,-53.355667,2451
-17.772793,3.5663483,2452
44.589043,25.238914,2453
-15.793333,6.226708,2454
27.479647,23.787317,2455
-14.116563,10.833992,2456
13.510113,13.52307,2457
38.887,-19.38275,2458
38.886387,-19.384272,2459
-16.454334,-45.531013,2460
34.861137,45.22565,2461
26.94607,22.24775,2462
-0.8244939,-6.8291726,2463
39.860268,-43.837513,2464
33.880436,-51.639156,2465
33.852825,-51.67913,2466
-9.456891,-53.341156,2467
-59.30438,-24.878693,2468
16.464346,-28.608335,2469
-45.48618,-17.903599,2470
2.7895174,2.1756325,2471
9.502451,25.654936,2472
9.502482,25.654997,2473
-36.364372,58.345345,2474
-5.25268,49.501553,2475
14.862837,32.205738,2476
46.2417,24.177845,2477
32.388172,15.343917,2478
22.631563,13.733633,2479
38.180645,34.709343,2480
26.032175,-64.46759,2481
53.280575,-9.060949,2482
10.323569,24.878836,2483
0.7499553,60.33691,2484
-17.420595,75.476685,2485
-5.684764,-40.68718,2486
-23.267506,-36.38365,2487
-9.222371,-46.608932,2488
32.669903,-19.073067,2489
-6.0405955,-49.614506,2490
44.892704,-31.847704,2491
-23.918037,39.328857,2492
-58.89708,-30.013288,2493
-8.039728,-51.096306,2494
-16.637316,-7.018,2495
60.700577,-33.811146,2496
-17.88122,68.5526,2497
-29.379738,47.046497,2498
-0.46725142,70.47243,2499
-15.040593,17.02535,2500
40.83941,7.129199,2501
-2.018966,71.05692,2502
26.969934,-70.08113,2503
26.969938,-70.08113,2504
26.969938,-70.08113,2505
31.686628,-38.1135,2506
-12.955755,-46.649532,2507
-14.422369,-33.046593,2508
-58.41495,-1.7360297,2509
15.297502,-21.172174,2510
26.328304,40.6468,2511
-36.75872,20.760414,2512
-16.34953,-7.070649,2513
61.171257,-35.570034,2514
-35.038483,19.689863,2515
-0.51306975,-47.299175,2516
52.68981,-11.168373,2517
21.26698,40.98411,2518
6.130693,-20.547865,2519
-0.87664884,23.917213,2520
-5.1237016,18.553364,2521
45.58024,23.253035,2522
33.669537,-39.500977,2523
-17.494854,75.62765,2524
28.274567,48.97254,2525
-19.884842,15.03897,2526
-20.359396,1.375147,2527
-19.279787,2.2409685,2528
13.123788,13.100819,2529
-45.48618,-17.903599,2530
-34.63652,-49.96272,2531
-15.98333,10.619381,2532
14.41981,23.360634,2533
-37.359753,-56.003803,2534
45.93387,-14.237317,2535
-23.917578,39.32699,2536
-15.73492,12.436135,2537
-15.0808935,15.433973,2538
1.6512704,2.0843234,2539
26.607315,-35.778645,2540
25.14951,-34.681656,2541
7.276627,32.145515,2542
45.07007,27.394966,2543
0.51682717,30.89102,2544
36.687325,24.243755,2545
-64.526054,-4.931564,2546
-7.4177814,-21.697304,2547
-16.207914,-45.509315,2548
8.992386,59.62994,2549
-15.268461,68.93443,2550
-18.372524,62.769444,2551
38.746735,-40.284885,2552
29.113277,-45.729218,2553
30.670221,-52.404064,2554
40.44333,-34.976032,2555
-5.8525233,-16.59776,2556
27.024233,43.150528,2557
45.049984,-12.246526,2558
-22.073479,-32.85419,2559
14.74947,29.836266,2560
-4.826117,17.624023,2561
17.079596,8.789193,2562
14.850839,36.462574,2563
5.5420985,28.149979,2564
-15.22781,-45.27976,2565
54.683094,-35.038338,2566
32.171562,-52.96121,2567
20.716818,40.569214,2568
-3.7881296,50.690453,2569
23.82745,41.711163,2570
-9.640396,-53.71824,2571
18.667057,-31.245216,2572
49.128822,-0.49328718,2573
11.312946,-23.246502,2574
-16.13978,12.536492,2575
-35.40235,20.374622,2576
-36.75335,58.37905,2577
5.7839217,-56.56831,2578
-67.97334,13.330906,2579
0.6673501,-33.191418,2580
3.8120542,-4.368126,2581
-5.1421595,16.56201,2582
-14.970505,-4.153642,2583
-18.659447,41.600765,2584
-14.630257,9.338204,2585
-23.628208,2.4013386,2586
2.5368955,-56.861015,2587
-60.997395,-2.404121,2588
-40.124447,-4.8324533,2589
-40.124676,-4.8323293,2590
25.06477,-9.608241,2591
33.295513,-43.665295,2592
43.14957,-47.897133,2593
43.12619,-48.00626,2594
31.914883,41.578445,2595
-43.554295,-13.854258,2596
-16.8969,13.843256,2597
13.474168,11.39786,2598
27.602188,46.18677,2599
6.415827,35.34643,2600
55.385017,-6.095935,2601
8.492715,61.04936,2602
8.507677,12.409934,2603
38.792507,-54.486626,2604
-45.48618,-17.903599,2605
-46.3713,-17.68167,2606
27.700193,-7.530812,2607
-35.681744,22.062624,2608
33.051643,7.7230678,2609
58.090862,-40.473583,2610
-8.137179,11.072316,2611
-6.627049,15.864634,2612
2.7641017,4.896756,2613
31.878933,-7.797324,2614
-35.861168,20.974854,2615
34.125465,-6.819621,2616
1.0842141,24.317919,2617
41.009853,-22.866404,2618
-60.351883,-27.921835,2619
6.965155,-53.735943,2620
-0.62905353,24.240927,2621
-14.342853,68.87,2622
53.445507,-13.935813,2623
43.2609,-45.765125,2624
14.72758,-35.30012,2625
-20.293762,-35.86658,2626
-55.28899,5.3526587,2627
5.995976,-20.486092,2628
-29.846691,-36.91002,2629
-45.028435,-13.708748,2630
-45.028435,-13.708748,2631
50.753834,-10.079542,2632
-20.148817,1.0255302,2633
42.13804,-52.42469,2634
21.34796,-25.061863,2635
-1.0784082,-40.686108,2636
-7.8013105,-15.354869,2637
18.66955,-31.496775,2638
-16.350193,-7.0697107,2639
15.77348,29.441277,2640
-39.306393,35.26819,2641
-39.301365,35.266434,2642
-39.305824,35.267956,2643
-13.007992,13.653575,2644
29.346224,-32.486935,2645
45.120434,-31.910667,2646
-60.68032,-4.1543207,2647
2.3160596,32.47789,2648
7.490405,11.019257,2649
-39.916283,-54.835842,2650
4.1560764,5.3715153,2651
4.1560593,5.3715243,2652
-36.75335,58.37905,2653
14.916651,-35.283466,2654
-46.25144,-17.262127,2655
45.502544,-15.330674,2656
-42.19454,-53.73535,2657
-16.645508,68.635056,2658
-16.645508,68.635056,2659
5.4316363,-54.033813,2660
43.126976,25.086607,2661
-40.824955,-54.346603,2662
7.2690463,61.599728,2663
-9.299108,44.83863,2664
48.392757,23.616158,2665
-34.035027,20.730465,2666
-59.055923,-28.809364,2667
-7.846291,-41.15728,2668
38.695473,-57.218567,2669
39.814518,-30.916601,2670
-0.038482573,0.023682486,2671
-17.494854,75.62765,2672
13.338251,35.24499,2673
18.008396,-32.36389,2674
32.513466,-7.5677967,2675
57.30963,-17.195293,2676
-82.50905,3.6446924,2677
12.227633,61.93435,2678
34.710403,45.6515,2679
33.54166,42.00088,2680
1.7271866,27.688354,2681
51.42761,34.352768,2682
11.572953,27.776548,2683
14.653558,29.192142,2684
58.16816,-40.112923,2685
-16.62087,18.52862,2686
-16.492825,3.1537817,2687
23.895355,46.340176,2688
30.884527,-32.876423,2689
-4.6052303,49.8095,2690
-18.304087,70.37041,2691
5.5364294,-44.31065,2692
14.796577,-26.345238,2693
11.649287,14.2377825,2694
-18.966244,-16.098635,2695
-16.07291,9.424381,2696
-16.073217,9.423818,2697
-16.072817,9.424089,2698
-16.073298,9.423776,2699
10.178189,11.084549,2700
20.567883,-37.271416,2701
23.127037,43.61969,2702
26.315216,23.332333,2703
-63.182903,-27.098494,2704
42.931087,-55.99889,2705
48.71639,31.839836,2706
33.275864,35.42562,2707
47.024982,1.2686965,2708
57.188484,-39.79897,2709
-14.276315,-20.576393,2710
17.811907,-23.747488,2711
40.09914,-55.56183,2712
-33.74328,-47.014137,2713
54.846626,-7.839364,2714
-34.102997,20.305922,2715
-16.645508,68.635056,2716
38.186993,-45.095196,2717
36.695717,-46.227703,2718
16.546286,-12.941536,2719
30.99767,-34.637203,2720
-5.6987534,-54.67213,2721
20.477648,-23.752186,2722
-24.400625,42.5274,2723
-19.380194,62.297108,2724
-53.833965,-5.391523,2725
-26.443262,-37.23341,2726
29.910284,45.74244,2727
-6.372792,46.044945,2728
35.103497,-29.942278,2729
-16.493134,-6.9670663,2730
57.696472,-41.79763,2731
10.968115,35.636066,2732
14.405783,-22.504337,2733
14.405746,-22.50442,2734
17.314356,-24.784817,2735
-36.481396,-50.887074,2736
-43.105522,-53.89276,2737
27.731909,-39.983654,2738
2.693665,-52.50882,2739
-12.628439,-46.864983,2740
27.108952,43.95968,2741
27.207811,42.559814,2742
31.103176,40.97366,2743
4.708276,29.955828,2744
5.1028447,30.48419,2745
37.820217,32.943897,2746
38.886395,31.520363,2747
37.851444,33.021214,2748
41.38959,-54.63304,2749
29.379986,15.630503,2750
-32.65758,-47.154697,2751
4.7388735,5.2587237,2752
-16.599976,19.90242,2753
-41.313152,-56.127747,2754
-14.424903,-18.112835,2755
21.173067,41.05762,2756
25.52013,-9.817918,2757
-61.199917,9.533783,2758
-1.9143935,15.343921,2759
21.714384,-25.19054,2760
9.8731365,12.818588,2761
-17.695293,67.0136,2762
-20.079899,-35.057755,2763
-38.45539,20.063976,2764
38.935684,-31.299328,2765
26.10134,-43.73641,2766
28.847645,-38.917183,2767
1.1113307,-43.541294,2768
54.866642,-21.07988,2769
-14.816459,66.97884,2770
26.424091,21.575188,2771
24.944805,-21.125795,2772
44.042805,-46.52709,2773
1.2202619,30.739666,2774
-13.711345,17.808924,2775
-5.357682,-21.346607,2776
43.877407,-25.132221,2777
-59.5956,-30.67858,2778
12.289774,61.310272,2779
40.116253,-57.121395,2780
42.786057,-45.589012,2781
-25.50608,54.45986,2782
-34.035027,20.730465,2783
25.520645,-9.818005,2784
38.56423,19.519487,2785
26.404387,23.33422,2786
14.944554,11.59541,2787
24.76824,23.550747,2788
55.683823,-39.883358,2789
21.809555,-33.165264,2790
16.808092,-1.1115003,2791
48.240253,-50.976307,2792
-6.727749,-53.791218,2793
10.938099,35.618195,2794
42.76134,25.241138,2795
36.82954,33.77756,2796
27.244413,44.15575,2797
11.258231,11.775749,2798
7.7994556,14.14998,2799
26.21142,44.101295,2800
-19.918112,60.11877,2801
-16.613695,19.895222,2802
51.000404,-18.948599,2803
-44.76156,-17.287157,2804
39.212696,-31.47709,2805
-9.772774,-49.811176,2806
17.82649,-25.121752,2807
42.440296,-23.596527,2808
8.335361,-60.434395,2809
32.17952,-30.783955,2810
-3.0805438,22.222467,2811
30.518066,40.932156,2812
13.942167,-34.44087,2813
-38.45539,20.063976,2814
-6.627605,-13.459882,2815
40.431953,-34.95266,2816
52.789707,-14.204797,2817
-34.908245,-47.58088,2818
-38.034508,-56.64729,2819
-57.60032,58.300434,2820
1.7625376,27.698505,2821
6.1713476,-54.741283,2822
19.4532,-29.445162,2823
53.185944,-16.99264,2824
-35.257076,21.455494,2825
-30.859945,21.39593,2826
58.574352,-38.371475,2827
-35.40235,20.374622,2828
6.18899,-52.362747,2829
-18.696419,10.652986,2830
46.65415,-45.434086,2831
37.24974,-12.052372,2832
1.9525446,-53.09006,2833
-17.908092,16.762896,2834
-17.518547,15.792312,2835
-18.273754,17.744223,2836
23.449842,-12.353156,2837
33.84773,8.212912,2838
44.909054,27.532177,2839
-44.76156,-17.287157,2840
40.036514,-46.103485,2841
-5.9326916,-21.267097,2842
40.569443,34.65059,2843
-39.943005,-56.591362,2844
7.001978,59.29751,2845
27.285442,44.20329,2846
7.3007894,16.019709,2847
-4.908857,49.705826,2848
39.87621,-50.73823,2849
-38.45539,20.063976,2850
39.835102,-23.179821,2851
-33.77422,-49.355305,2852
-35.32064,25.607944,2853
-33.355606,-49.33616,2854
-61.260376,10.354021,2855
-0.6290536,24.240898,2856
25.52013,-9.817918,2857
-32.160175,58.738216,2858
-14.46104,-6.5180144,2859
50.663532,-15.167842,2860
40.05104,-44.787018,2861
33.859375,-52.605255,2862
-4.2722845,-51.927437,2863
7.4114532,16.129366,2864
-57.826157,14.040202,2865
-19.38004,62.297104,2866
-4.2855754,49.8762,2867
18.689167,-31.124788,2868
56.409973,-40.654747,2869
-57.8258,14.040262,2870
34.303436,-37.69961,2871
6.0376267,2.380169,2872
57.22025,-13.7766,2873
-16.852417,11.486598,2874
33.027042,16.538044,2875
-17.440943,3.900647,2876
-13.834977,1.6514626,2877
-43.246464,-53.889652,2878
55.68382,-39.883358,2879
54.702972,-37.72878,2880
31.650646,-33.71099,2881
9.630557,-21.532562,2882
29.096375,-32.467125,2883
-38.53496,20.439268,2884
6.4158134,35.346306,2885
-20.113703,-41.221535,2886
-42.38273,-55.570534,2887
-6.579809,-22.750336,2888
51.24105,-2.7204745,2889
-57.653236,-1.7512811,2890
1.4642835,-40.70391,2891
8.526782,-43.79221,2892
8.527122,-43.792404,2893
37.54993,11.982153,2894
59.178078,-35.214504,2895
58.84739,-35.784634,2896
33.67809,8.037077,2897
40.282177,-44.956837,2898
49.84952,-5.090063,2899
42.1331,-37.897892,2900
-13.911299,-19.730118,2901
-41.48456,40.769295,2902
7.9371142,24.373312,2903
-33.48612,-50.40261,2904
36.66175,-38.311874,2905
-34.102997,20.305922,2906
30.480368,-27.016268,2907
25.520645,-9.818005,2908
-6.151179,-50.842117,2909
52.40152,-13.136796,2910
38.42717,-49.360706,2911
-38.45539,20.063976,2912
57.36939,-38.03793,2913
-33.79286,-52.22833,2914
22.975946,47.52873,2915
18.78769,-42.687233,2916
-4.185514,49.125305,2917
-0.6276657,5.8076305,2918
48.137497,-3.378011,2919
-16.406939,-7.2868195,2920
18.369085,-15.442378,2921
-34.89942,-46.293697,2922
20.788502,-17.90448,2923
33.463993,-37.983517,2924
37.434566,32.314575,2925
8.579297,15.17051,2926
27.788395,-43.990616,2927
29.357063,-42.854507,2928
39.113358,-33.187347,2929
21.812305,-34.008724,2930
21.83295,-25.205208,2931
45.001556,-27.391973,2932
32.272785,-48.29756,2933
-0.83407205,-19.280512,2934
48.868996,34.782806,2935
-38.45539,20.063976,2936
-30.171936,49.689796,2937
-7.6086016,51.399605,2938
29.971807,-29.2012,2939
29.341373,15.668586,2940
-38.82296,-50.597904,2941
15.56168,-34.195286,2942
-23.506609,-47.176598,2943
-55.255146,6.240073,2944
-2.8835733,70.593445,2945
5.0447717,31.980577,2946
38.285755,36.127693,2947
8.673506,-61.517105,2948
8.673506,-61.517105,2949
-38.25138,-53.68818,2950
-16.030493,67.72449,2951
33.61156,-52.670376,2952
34.130318,-6.875717,2953
-40.814495,39.51179,2954
32.607788,-10.899187,2955
24.94149,-44.871174,2956
-38.45539,20.063976,2957
-16.288483,66.60716,2958
-19.674866,14.323324,2959
2.4332297,24.798397,2960
-2.8890595,-37.999115,2961
39.922188,-46.50227,2962
-30.38419,-46.61389,2963
-9.499915,-44.23547,2964
-34.740192,21.268488,2965
34.774612,-36.56857,2966
51.001015,-18.956879,2967
32.043438,41.02027,2968
9.6362505,-21.53956,2969
18.320753,-23.28662,2970
36.091366,-40.17628,2971
28.68852,-41.860233,2972
44.622658,-31.607124,2973
-22.70147,39.79962,2974
-74.7955,6.785163,2975
38.15591,-40.83281,2976
38.984627,-39.64497,2977
-62.890396,-3.1651027,2978
-18.459568,16.503092,2979
42.62331,-20.432339,2980
-29.186563,33.619514,2981
4.5246267,28.498758,2982
17.68208,7.804523,2983
38.707623,-50.724537,2984
62.792385,-17.22871,2985
-34.58563,21.657015,2986
-26.294771,-44.807396,2987
5.523922,33.548504,2988
49.889374,-4.895622,2989
-19.178116,37.575005,2990
57.401142,-37.705025,2991
20.46829,-15.968162,2992
39.82804,-46.314663,2993
39.214622,-46.95724,2994
37.022602,-48.191746,2995
37.879696,-48.367275,2996
61.220657,-35.488754,2997
23.833548,42.127304,2998
62.803234,-18.257294,2999
45.933823,-14.237354,3000
-77.029335,1.663916,3001
38.47464,35.798027,3002
50.753017,-10.079921,3003
13.450372,12.870276,3004
39.024265,-29.787117,3005
-66.98333,17.064264,3006
47.343155,-12.526432,3007
9.469722,23.399345,3008
-59.346523,20.792095,3009
-12.907914,2.876491,3010
17.926685,-16.000673,3011
-5.68531,51.19246,3012
-3.2946053,-57.756763,3013
3.9542358,-3.8919413,3014
25.648874,-41.73617,3015
32.775333,-36.98713,3016
14.839249,-28.52584,3017
-78.41232,0.31880724,3018
17.168104,-17.272142,3019
-18.97862,-16.725155,3020
-7.790557,-50.521442,3021
16.228054,-15.738601,3022
25.51826,23.978521,3023
-35.40235,20.374622,3024
54.983517,-11.638865,3025
-56.33764,-4.2632384,3026
41.267124,-32.024788,3027
-8.146321,-51.131702,3028
-5.9111185,-21.108513,3029
41.196373,-32.01583,3030
18.031223,-25.237457,3031
15.62201,-36.612526,3032
-2.6895497,-55.31482,3033
-38.076935,43.943253,3034
-3.6246274,-37.07788,3035
40.697083,-56.19109,3036
33.436886,-43.89022,3037
21.75531,48.835617,3038
16.914999,-24.318455,3039
0.23825125,-46.697243,3040
37.19355,-11.846386,3041
-30.070469,-53.562943,3042
3.819378,-60.518272,3043
3.819389,-60.518364,3044
-41.48456,40.769295,3045
54.51762,-33.52662,3046
40.697243,-56.19053,3047
26.948093,-26.2647,3048
41.184235,-46.05176,3049
3.322458,-49.347694,3050
-12.333728,7.1728826,3051
41.916946,19.991007,3052
41.916946,19.991007,3053
27.633629,-35.788254,3054
34.952656,-24.397442,3055
-41.868904,-4.0305634,3056
19.88993,-20.877531,3057
15.039924,-16.211819,3058
33.247105,-8.714886,3059
14.923729,-14.687269,3060
-23.917969,39.32718,3061
11.044548,-56.334785,3062
-17.929148,16.821808,3063
-18.518116,-15.50043,3064
35.35265,-36.493107,3065
-81.044785,3.4934206,3066
39.444782,23.346937,3067
-43.600594,-6.215065,3068
24.058586,-33.9512,3069
-22.576544,-41.152065,3070
-1.0061136,1.9216735,3071
-3.1314137,-57.390224,3072
8.53395,28.312551,3073
56.090496,-36.313385,3074
-7.428415,-20.773705,3075
-78.79972,-0.6816069,3076
27.978485,-28.531614,3077
-58.17195,-32.876877,3078
-6.6401434,-12.4418125,3079
27.495085,-37.577152,3080
40.777763,-55.702,3081
6.124801,-48.129448,3082
-23.919092,39.329384,3083
57.268074,-13.391921,3084
54.730484,-7.743822,3085
-0.29867068,-57.839703,3086
-1.3581176,-58.98258,3087
15.566083,-17.50479,3088
2.3426104,4.7372427,3089
-55.7124,-28.477217,3090
44.4174,-26.914677,3091
-35.3504,-48.73898,3092
52.498432,-14.842591,3093
23.806105,23.018322,3094
32.3566,-11.400377,3095
57.347645,-17.2281,3096
24.335844,-12.098207,3097
-7.534452,-14.987647,3098
59.669174,-4.835659,3099
56.749054,-33.513435,3100
54.23513,-33.59169,3101
-22.154818,-40.103477,3102
25.933926,6.4313536,3103
0.057370074,59.922977,3104
-36.881638,-51.148502,3105
25.652946,46.80063,3106
37.669262,-5.696505,3107
11.1252,-25.014511,3108
32.60971,-53.84446,3109
37.448044,12.013927,3110
6.168238,-0.897484,3111
30.277538,-41.068977,3112
48.691593,1.7895447,3113
17.578222,-14.94791,3114
26.679735,4.7717085,3115
13.119786,-32.78897,3116
49.005276,-49.178978,3117
-57.473423,-29.1889,3118
7.298369,57.642593,3119
31.74326,-7.835343,3120
-5.728013,-5.0916967,3121
33.5273,-19.897945,3122
0.057361122,59.92299,3123
3.0704222,31.246021,3124
64.043274,-15.871533,3125
53.596424,-13.284242,3126
54.898273,-20.472744,3127
-3.1155868,15.631167,3128
47.527744,-41.86717,3129
-20.665537,16.71099,3130
-20.684175,16.732744,3131
24.00786,-10.872196,3132
39.7179,9.935902,3133
33.332573,-20.043537,3134
27.71535,-39.140152,3135
-20.256685,-47.533062,3136
41.379272,7.54567,3137
-74.685455,6.8954234,3138
64.20517,-19.37809,3139
16.552616,22.081125,3140
10.082425,10.305899,3141
3.9181738,-55.93143,3142
45.152443,35.423256,3143
-4.5138335,18.468565,3144
46.44785,32.68275,3145
46.339096,33.90161,3146
46.37265,34.796623,3147
-12.841597,2.941115,3148
56.28261,-9.115229,3149
56.28294,-9.115232,3150
53.596306,-13.28472,3151
0.057365187,59.923065,3152
36.17329,-50.18163,3153
15.19748,-33.85973,3154
33.00113,-19.755796,3155
42.16998,-37.91338,3156
7.5731854,-54.583828,3157
19.530066,49.789047,3158
32.899853,-9.371742,3159
38.44187,23.126406,3160
0.057363823,59.923077,3161
5.04788,63.54793,3162
33.262558,-19.44101,3163
24.250385,20.74734,3164
22.248627,41.019535,3165
-22.824404,44.631195,3166
0.2311751,5.018952,3167
-8.092496,11.438552,3168
59.711163,-40.10663,3169
33.447468,-19.494518,3170
42.71558,-53.717964,3171
7.7461085,63.57807,3172
-12.657997,-46.835888,3173
49.001205,-49.2267,3174
-6.461368,46.720028,3175
66.25252,-15.853229,3176
48.952885,-3.125877,3177
33.57079,-19.761808,3178
56.132298,-40.505024,3179
-17.149128,3.5182626,3180
46.726196,38.495922,3181
25.166649,-39.772842,3182
44.827484,-32.924538,3183
38.466022,-54.244747,3184
-78.07798,3.7729182,3185
19.759184,47.892708,3186
12.673938,21.824282,3187
4.875136,65.99619,3188
32.33978,-44.44595,3189
28.078016,-40.74234,3190
12.078803,9.793479,3191
-57.826397,14.040196,3192
0.1561472,-2.9806929,3193
0.06549191,-1.6516229,3194
44.57257,-14.987638,3195
64.17811,-19.360996,3196
38.41438,-49.452362,3197
33.449173,17.708471,3198
-23.630217,-49.87619,3199
62.774082,-17.470766,3200
11.238068,-25.275274,3201
63.1612,-17.62291,3202
33.765022,-54.32868,3203
33.779625,-54.294296,3204
18.759811,-24.897446,3205
41.2313,-54.554703,3206
63.161133,-17.624706,3207
39.75876,-25.478966,3208
48.573845,36.485985,3209
42.6064,-20.452854,3210
2.9436245,-0.7184914,3211
0.90788764,-0.9901838,3212
29.934778,45.21131,3213
41.6231,-48.56154,3214
-61.638367,-29.278608,3215
30.160109,-36.959534,3216
42.717815,-40.66597,3217
-28.88103,32.61684,3218
53.153522,-34.896965,3219
31.102783,44.558376,3220
12.227633,61.93435,3221
15.892242,31.57582,3222
54.479454,-7.7048726,3223
37.42772,-9.06656,3224
-8.625403,-17.417067,3225
35.658543,-48.244167,3226
-20.431173,-39.62996,3227
-62.72527,-30.736986,3228
-14.346746,-46.11929,3229
40.987747,-49.91953,3230
46.956436,-45.971622,3231
43.153698,-39.076393,3232
16.965963,-27.158264,3233
37.455555,-11.655065,3234
37.455555,-11.655065,3235
29.271067,41.222473,3236
-77.18073,0.70325035,3237
-16.395123,19.835152,3238
-67.590256,8.630792,3239
-39.92834,1.0629132,3240
-37.875656,-47.164745,3241
15.7706995,-31.542126,3242
6.787543,-53.687077,3243
-37.449806,57.683453,3244
46.660397,-45.349472,3245
-52.918262,52.96599,3246
-32.310444,31.257727,3247
41.631504,-56.43742,3248
41.674503,-56.260647,3249
21.130579,-32.057907,3250
40.63511,-45.69087,3251
18.956545,44.791637,3252
48.15568,-51.107094,3253
26.950851,-45.302494,3254
44.381397,-27.591139,3255
2.4847505,-53.515324,3256
32.379333,-11.454713,3257
42.117847,-52.45625,3258
54.49067,-28.790016,3259
-35.40235,20.374622,3260
4.5246267,28.498758,3261
39.20269,-31.51361,3262
26.57448,-42.896877,3263
55.654682,-14.038254,3264
21.144773,-23.246552,3265
9.168407,26.24527,3266
44.13367,-41.848564,3267
-27.270428,-36.81041,3268
-20.469028,-39.556473,3269
54.519283,-28.820154,3270
41.449932,-25.768005,3271
1.9910905,32.607773,3272
32.592426,-48.223274,3273
15.792337,-30.82264,3274
20.468292,-15.968255,3275
2.7895174,2.1756325,3276
2.6852257,-0.09136387,3277
33.62395,-32.857315,3278
37.19355,-11.846386,3279
53.185936,-16.992754,3280
15.823482,-15.528888,3281
64.37027,-17.091637,3282
-40.814495,39.51179,3283
-33.42899,-48.222977,3284
16.496372,-30.383118,3285
33.577396,-47.934067,3286
24.084482,-42.94372,3287
40.606304,-52.489113,3288
61.458897,-34.957996,3289
-6.461368,46.720028,3290
-38.25133,-53.688057,3291
-38.251724,-53.687798,3292
-25.953184,37.4821,3293
20.477722,-23.752123,3294
0.057369728,59.92299,3295
49.648285,-45.448055,3296
-60.959797,-2.4913876,3297
-76.05802,4.4328876,3298
61.686306,-15.87872,3299
30.121403,-27.52692,3300
-43.604755,-11.455423,3301
-44.038776,-11.374984,3302
-44.038776,-11.374984,3303
-43.604755,-11.455423,3304
40.506958,-52.737637,3305
52.960438,-13.287632,3306
59.15289,-38.256943,3307
44.06776,-12.95392,3308
59.818386,-11.700402,3309
45.887474,-11.324795,3310
45.887474,-11.324795,3311
45.887474,-11.324795,3312
32.670372,-10.998665,3313
-20.093922,0.96155274,3314
-20.3594,1.3751471,3315
36.128605,-35.972282,3316
-33.533398,29.760164,3317
38.524883,-31.920404,3318
41.19574,-23.18918,3319
66.25146,-15.852469,3320
65.771996,-15.759416,3321
55.326195,-6.2580147,3322
66.49252,-16.194645,3323
64.01289,-14.980397,3324
37.944447,-5.7834463,3325
37.942917,-5.782444,3326
55.84385,-16.180113,3327
-19.672993,69.81631,3328
26.674004,-67.18108,3329
33.386932,-32.73175,3330
-80.116455,3.2779832,3331
41.53695,-49.78044,3332
62.16303,-19.939146,3333
36.337017,-35.966675,3334
38.6872,31.900282,3335
40.836617,-45.85604,3336
59.94169,-39.968067,3337
60.553482,-39.874348,3338
38.84972,-17.134747,3339
11.770288,-27.740454,3340
-37.08,56.543987,3341
44.696693,-31.675735,3342
-3.2455842,25.635431,3343
58.76803,-39.302345,3344
37.19355,-11.846386,3345
-24.671165,-47.127205,3346
24.335842,-12.0982065,3347
51.00032,-18.948355,3348
59.414177,-33.13998,3349
-44.906624,0.65187824,3350
43.639973,-41.062347,3351
57.610935,-36.407066,3352
24.924511,-21.109571,3353
-35.03349,-49.23188,3354
41.36013,-54.52203,3355
-13.879231,-45.87718,3356
-32.785686,-49.54212,3357
-17.897964,-7.3309035,3358
12.203502,9.362487,3359
-41.37993,-53.169044,3360
41.266727,-32.024796,3361
-33.87244,-53.911747,3362
25.003895,7.378437,3363
-14.746029,-33.278046,3364
37.145855,-8.540025,3365
56.189114,-36.245285,3366
59.93351,-34.853554,3367
26.269255,47.568726,3368
-32.675213,27.838474,3369
65.76778,-16.342218,3370
32.436237,-38.620674,3371
44.180347,-41.71755,3372
17.304571,-34.351994,3373
33.065243,-19.97672,3374
37.665493,-5.698206,3375
56.66513,-38.789867,3376
17.128214,-24.901644,3377
54.229305,-34.974865,3378
44.002216,-46.54752,3379
42.118443,-53.429424,3380
52.389854,0.5531854,3381
35.408558,-38.663284,3382
31.693874,-48.334312,3383
55.684013,-39.88329,3384
41.2313,-54.554703,3385
41.606667,-22.895573,3386
-33.43552,30.070925,3387
21.86215,-32.98173,3388
49.00143,-46.647316,3389
16.48577,-25.917433,3390
34.88853,-37.324852,3391
-15.427125,-45.629757,3392
55.339794,-6.3210945,3393
54.71926,-37.769997,3394
6.1228323,-1.4943672,3395
0.48791036,5.8217044,3396
-35.40235,20.374622,3397
43.80073,-41.419098,3398
44.58258,-41.95306,3399
43.322952,-40.319393,3400
58.330086,-35.58917,3401
3.8927593,28.37948,3402
43.877052,-25.131954,3403
-29.076557,-53.01177,3404
-40.319695,-1.2718564,3405
53.366474,-13.897574,3406
-35.40235,20.374622,3407
-54.979298,-1.9698983,3408
39.326393,20.254469,3409
20.723272,-18.582659,3410
25.520132,-9.8178835,3411
47.52728,-41.86699,3412
23.778412,-11.962057,3413
17.20482,-15.938773,3414
55.749382,-40.407146,3415
58.909695,-35.084667,3416
-33.138424,-46.659542,3417
61.16225,-17.005554,3418
33.30021,-19.44238,3419
9.444734,25.589771,3420
37.07755,-23.987581,3421
-21.50834,-33.767662,3422
53.96837,-14.216451,3423
-55.254883,6.2403946,3424
57.14252,-17.057793,3425
-60.738365,-28.22016,3426
45.40236,-41.905285,3427
26.500238,-42.915382,3428
-32.764133,28.01848,3429
-41.38461,-53.214855,3430
48.328213,-12.747657,3431
40.480873,-19.519674,3432
5.5240154,33.54862,3433
64.03784,-16.820063,3434
55.137924,-15.5468,3435
-77.13267,4.49365,3436
21.687906,-33.588852,3437
64.14604,-16.015923,3438
40.210133,-49.233208,3439
62.74688,-17.827646,3440
16.965963,-27.158264,3441
20.548767,-33.36802,3442
37.944225,-5.783504,3443
-35.40235,20.374622,3444
39.75866,-25.478893,3445
16.450628,-29.032515,3446
24.058563,-33.951103,3447
38.97751,-17.586224,3448
8.3037615,-60.507862,3449
42.143673,-52.413185,3450
-56.149094,-28.038527,3451
-62.10177,-2.860415,3452
-58.79601,-4.405278,3453
56.962677,-8.964272,3454
-43.600544,-6.2150116,3455
-32.886166,32.23133,3456
63.15753,-17.595201,3457
35.102978,-52.999737,3458
43.54855,-40.815006,3459
13.559615,-35.456676,3460
-37.551273,34.42131,3461
-15.351402,-16.394808,3462
-14.98474,-20.37353,3463
42.506367,-38.23317,3464
33.04372,-19.955326,3465
-43.600594,-6.215065,3466
40.69724,-56.19053,3467
56.283028,-9.115309,3468
51.000584,-18.947355,3469
-82.564644,3.2046926,3470
19.453188,-29.445095,3471
-34.791225,19.880835,3472
53.596386,-13.28433,3473
41.512047,-58.349007,3474
-1.803376,-52.34751,3475
-23.916872,39.326607,3476
17.127975,-24.90198,3477
